category,horizon,model,dates,municipalities,pairs,MAE
Все категории,1,hierarchy05,12,2031,24282,937.0495611731379
Все категории,1,hierarchy05_growth_bridge,12,2031,24282,932.296241569075
Все категории,1,prophet_pooled_profile,12,2031,24282,1594.5927833865724
Все категории,3,hierarchy05,10,2031,20233,1521.4017259019727
Все категории,3,hierarchy05_growth_bridge,10,2031,20233,1272.1895907966232
Все категории,3,prophet_pooled_profile,10,2031,20233,1659.4984107818086
Все категории,6,hierarchy05,7,2029,14162,1908.9210300611053
Все категории,6,hierarchy05_growth_bridge,7,2029,14162,1370.6607094405088
Все категории,6,prophet_pooled_profile,7,2029,14162,1916.6475154145246
Все категории,12,hierarchy05,1,2023,2023,4700.730598121601
Все категории,12,hierarchy05_growth_bridge,1,2023,2023,1321.2642115669785
Все категории,12,prophet_pooled_profile,1,2023,2023,2989.260221265519
Здоровье,1,hierarchy05,12,2031,24282,96.02552233612727
Здоровье,1,hierarchy05_growth_bridge,12,2031,24282,101.42733842351508
Здоровье,1,prophet_pooled_profile,12,2031,24282,112.30643155016924
Здоровье,3,hierarchy05,10,2031,20233,115.16011942827144
Здоровье,3,hierarchy05_growth_bridge,10,2031,20233,123.84527929024094
Здоровье,3,prophet_pooled_profile,10,2031,20233,137.4619637093557
Здоровье,6,hierarchy05,7,2029,14162,124.39558598712462
Здоровье,6,hierarchy05_growth_bridge,7,2029,14162,118.21838577810037
Здоровье,6,prophet_pooled_profile,7,2029,14162,121.05260105650811
Здоровье,12,hierarchy05,1,2023,2023,152.3237765694513
Здоровье,12,hierarchy05_growth_bridge,1,2023,2023,174.43927829955504
Здоровье,12,prophet_pooled_profile,1,2023,2023,243.7537491070799
Маркетплейсы,1,hierarchy05,12,2031,24282,399.75912267204353
Маркетплейсы,1,hierarchy05_growth_bridge,12,2031,24282,369.0507789292928
Маркетплейсы,1,prophet_pooled_profile,12,2031,24282,373.58108705480123
Маркетплейсы,3,hierarchy05,10,2031,20233,632.6290088140701
Маркетплейсы,3,hierarchy05_growth_bridge,10,2031,20233,586.0525532724007
Маркетплейсы,3,prophet_pooled_profile,10,2031,20233,434.96863606611834
Маркетплейсы,6,hierarchy05,7,2029,14162,933.6862942624668
Маркетплейсы,6,hierarchy05_growth_bridge,7,2029,14162,869.1562438332229
Маркетплейсы,6,prophet_pooled_profile,7,2029,14162,586.8480798408939
Маркетплейсы,12,hierarchy05,1,2023,2023,2000.7142857142858
Маркетплейсы,12,hierarchy05_growth_bridge,1,2023,2023,1186.1715729115178
Маркетплейсы,12,prophet_pooled_profile,1,2023,2023,752.5333124190131
Общественное питание,1,hierarchy05,12,2031,24282,71.68835013693301
Общественное питание,1,hierarchy05_growth_bridge,12,2031,24282,70.15759790493097
Общественное питание,1,prophet_pooled_profile,12,2031,24282,133.0933540255273
Общественное питание,3,hierarchy05,10,2031,20233,130.9512800871121
Общественное питание,3,hierarchy05_growth_bridge,10,2031,20233,120.63193936575053
Общественное питание,3,prophet_pooled_profile,10,2031,20233,183.47064050460185
Общественное питание,6,hierarchy05,7,2029,14162,154.86032392509583
Общественное питание,6,hierarchy05_growth_bridge,7,2029,14162,132.53738025422587
Общественное питание,6,prophet_pooled_profile,7,2029,14162,216.19417270825082
Общественное питание,12,hierarchy05,1,2023,2023,233.05882352941177
Общественное питание,12,hierarchy05_growth_bridge,1,2023,2023,106.52465842807713
Общественное питание,12,prophet_pooled_profile,1,2023,2023,236.44912007799505
