model,horizon,MAE,MAE_pooled,R2_pooled,R2_within_MO,WAPE_pct,YoY_MAE_pp,YoY_R2,dates,municipalities,observations,skill_vs_seasonal_pooled,h12_status
chronos2_profile,1,1923.6662367855708,1924.3731699004793,0.9492625859455232,0.2623183284573911,6.271213728268625,7.422620774693865,-0.8619006324861518,12,2031,24282,-0.9545286854698558,actual_prediction
chronos2_profile,3,2556.02990727154,2555.9494736901042,0.9210467615482353,-0.9490257710065257,8.105402022367976,9.589919834807043,-2.8024883229122026,10,2031,20233,-0.5724166087173457,actual_prediction
chronos2_profile,6,3588.345043245716,3586.7950242065035,0.8643250031671471,-2.111346916065164,11.190254914486868,13.105536079160546,-6.415936145780875,7,2029,14162,-0.8668573598348548,actual_prediction
chronos2_profile,12,8926.869991195008,8926.869991195008,0.4937196807036819,,24.15475449308557,28.08832036757187,-29.66945715143822,1,2023,2023,-0.8990388419115445,actual_prediction
chronos2_univariate,1,2154.2089410417448,2154.8643300834337,0.9337863325472059,0.03730590539953216,7.022346279165009,8.198760470355838,-1.331722223388212,12,2031,24282,-1.188770114714587,actual_prediction
chronos2_univariate,3,2710.1839665984976,2709.4066238671044,0.9049893988608453,-1.3454150047583693,8.592043839115522,9.982217145602828,-3.2132610173814102,10,2031,20233,-0.6672489901763143,actual_prediction
chronos2_univariate,6,4035.896701201903,4033.502160891051,0.8229593331774132,-3.059959060954953,12.583913235602243,14.351031112122948,-7.889948378146521,7,2029,14162,-1.0996987105111158,actual_prediction
chronos2_univariate,12,9457.572352516374,9457.572352516374,0.4279699318447403,,25.590754486281657,29.61575800942051,-32.99635902905147,1,2023,2023,-1.0119366883725678,actual_prediction
direct_context,1,2148.7078205279468,2153.639051666794,0.8792438504897832,-0.7556984304344134,7.01835329955608,8.776990939199896,-4.559874890001881,12,2031,24282,-1.1831807366609328,actual_prediction
direct_context,3,1477.9967665659615,1478.88817749233,0.9664084293046534,0.17076438841939945,4.6898357530504855,5.675847755905341,-0.702642073648281,10,2031,20233,0.0907670302419673,actual_prediction
direct_context,6,3411.1251536101563,3410.958881181054,0.8420930158251052,-2.62117869693396,10.641672893391238,12.822506796485342,-8.647451832667658,7,2029,14162,-0.7746576824660332,actual_prediction
direct_context,12,4700.730598121601,4700.730598121601,0.8432067336079946,,12.719463109438957,14.38329201791961,-7.6829368696656,1,2023,2023,0.0,seasonal_fallback_not_trainable
direct_lags,1,2146.7011050094293,2151.680294708803,0.8785715971816617,-0.7654724591916275,7.011970034752024,8.755712304197043,-4.532563118597958,12,2031,24282,-1.1811418262878557,actual_prediction
direct_lags,3,1257.6993821083802,1258.037056488114,0.9776666608384043,0.4486831138006806,3.9894748338475714,4.848495748437142,-0.1670004350144938,10,2031,20233,0.22628941407348457,actual_prediction
direct_lags,6,3175.794004354525,3175.848836305478,0.863348042966399,-2.1337509122226925,9.908165314240916,11.860703645212409,-7.234131079814203,7,2029,14162,-0.6522252846080809,actual_prediction
direct_lags,12,4700.730598121601,4700.730598121601,0.8432067336079946,,12.719463109438957,14.38329201791961,-7.6829368696656,1,2023,2023,0.0,seasonal_fallback_not_trainable
hierarchy05,1,937.0495611731379,937.6426882911771,0.9864933589250324,0.8036241745704619,3.055622366282745,3.7638960858998627,0.4452202693917906,12,2031,24282,0.04791683089461385,actual_prediction
hierarchy05,3,1521.4017259019727,1522.9906528412725,0.9647430478459975,0.12965307436659157,4.829693092393217,5.8555075166739865,-0.7450977016375939,10,2031,20233,0.06406519910670494,actual_prediction
hierarchy05,6,1908.9210300611053,1909.1713315556772,0.9465462776507902,-0.2258196282717413,5.956324164429963,7.145937640294432,-2.0588469445447934,7,2029,14162,0.0068727417891515374,actual_prediction
hierarchy05,12,4700.730598121601,4700.730598121601,0.8432067336079946,,12.719463109438957,14.38329201791961,-7.6829368696656,1,2023,2023,0.0,actual_prediction
hierarchy05_growth_bridge,1,932.296241569075,932.8717507493675,0.9875211188297983,0.8185669866672334,3.040074670296911,3.866808803926888,0.39143908616289513,12,2031,24282,0.05274641065210406,actual_prediction
hierarchy05_growth_bridge,3,1272.1895907966232,1272.830100081442,0.9762071778322428,0.4126545727663219,4.036386389295978,5.0093063477983915,-0.29204604926418454,10,2031,20233,0.21737533809168386,actual_prediction
hierarchy05_growth_bridge,6,1370.6607094405088,1370.4169151740252,0.9723173318855906,0.36517128375294494,4.275492331295028,5.132580385383986,-0.5469913252318483,7,2029,14162,0.28690580130472176,actual_prediction
hierarchy05_growth_bridge,12,1321.2642115669785,1321.2642115669787,0.9821891913074525,,3.5751402991619377,4.408878596234536,-0.30715933251041827,1,2023,2023,0.7189236472953902,actual_prediction
prophet_disabled,1,1814.8648805287512,1814.866724921151,0.9477108607613769,0.2397574776740482,5.9143503444771275,6.848839785867388,-0.8457998062553851,12,2031,24282,-0.8439817684655191,actual_prediction
prophet_disabled,3,1765.6634842901324,1764.5502028956855,0.9552339146242077,-0.10508771743164957,5.5957243796653415,6.5035594834017605,-0.9616059324647448,10,2031,20233,-0.08619957075040419,actual_prediction
prophet_disabled,6,2170.9660846981324,2169.932706879307,0.9406449281730123,-0.36115145747331034,6.769859992942813,7.765275225618113,-2.1583091934149867,7,2029,14162,-0.1294577205721188,actual_prediction
prophet_disabled,12,2905.7989563838246,2905.7989563838246,0.9225272548648421,,7.862650679011358,10.341981665668268,-5.6619384546449645,1,2023,2023,0.381840993494719,actual_prediction
prophet_pooled_profile,1,1594.5927833865724,1594.7336429893785,0.9622547348857597,0.4512138471937971,5.196973056615643,6.132106929288038,-0.4242019433409947,12,2031,24282,-0.6201757234041889,actual_prediction
prophet_pooled_profile,3,1659.4984107818086,1658.9393051303718,0.9630822359027787,0.08865456256892168,5.26081213153893,6.254852358005554,-0.7705909720117798,10,2031,20233,-0.02088901848523772,actual_prediction
prophet_pooled_profile,6,1916.6475154145246,1916.010026900066,0.9539589674465302,-0.05582920944654801,5.9776598537207555,7.088295169731421,-1.705801169796803,7,2029,14162,0.0028529928871228183,actual_prediction
prophet_pooled_profile,12,2989.260221265519,2989.260221265519,0.9187095800379657,,8.088484186712062,10.630912768160439,-5.9859653630572724,1,2023,2023,0.3640860375065913,actual_prediction
prophet_yearly3,1,2350.7053417320244,2352.7697053617617,0.8740118147696806,-0.8317680711029714,7.667287149135562,9.416000729426493,-5.008255429669839,12,2031,24282,-1.3884190165856762,actual_prediction
prophet_yearly3,3,2467.467931559436,2469.658210557341,0.8836477294003864,-1.8722517069684947,7.831756011009542,9.445384298394634,-4.998427324628165,10,2031,20233,-0.5179351172784659,actual_prediction
prophet_yearly3,6,2903.9231008842316,2904.196389666321,0.8719860875628554,-1.9356602245985863,9.060650999784455,10.869467067136243,-6.53446335958606,7,2029,14162,-0.5107828672954509,actual_prediction
prophet_yearly3,12,7432.7911349612705,7432.7911349612705,0.5964241502629036,,20.112004010415564,22.85265946644288,-21.43819287646971,1,2023,2023,-0.5811991306056536,actual_prediction
seasonal_naive,1,4086.131205387264,4085.194176756445,0.8329480766968814,-1.428802183026883,13.312971831364173,15.103882856036455,-4.745941735304293,12,2031,24282,-3.1516872837921355,actual_prediction
seasonal_naive,3,4351.5645993072285,4351.4473385064,0.8243709115591927,-3.335548816260957,13.79926732543613,16.01582400997583,-7.290021338739113,10,2031,20233,-1.6769923271990166,actual_prediction
seasonal_naive,6,4359.283782727163,4359.017158593419,0.8354124912654939,-2.774378844134636,13.599470516739029,15.841384586865809,-8.322950822852063,7,2029,14162,-1.267942718806058,actual_prediction
seasonal_naive,12,4700.730598121601,4700.730598121601,0.8432067336079946,,12.719463109438957,14.38329201791961,-7.6829368696656,1,2023,2023,0.0,actual_prediction
seasonal_pooled,1,984.2097745028153,984.7745586570796,0.9850397066293246,0.7824892256314377,3.209217332737672,3.8885346408912995,0.41200453283131433,12,2031,24282,0.0,actual_prediction
seasonal_pooled,3,1625.5424250170884,1627.0193916383723,0.9601779000298175,0.016958637549730038,5.159588013443067,6.101195199996226,-0.8587131428700692,10,2031,20233,0.0,actual_prediction
seasonal_pooled,6,1922.1313424626865,1922.3442989525681,0.9419400472990694,-0.3314513285412335,5.99742181906498,7.138204572504017,-2.1414255673765323,7,2029,14162,0.0,actual_prediction
seasonal_pooled,12,4700.730598121601,4700.730598121601,0.8432067336079946,,12.719463109438957,14.38329201791961,-7.6829368696656,1,2023,2023,0.0,actual_prediction
