horizon,model,dates,municipalities,observations,MAE,R2_pooled,R2_within_MO,YoY_MAE_pp,YoY_R2,MoM_R2,skill_vs_seasonal_naive,skill_vs_seasonal_pooled
1,prophet_disabled,12,2031,24282,1814.8648805287512,0.9477108607613769,0.2397574776740482,6.848839785867388,-0.8457998062553851,0.40154039132802133,0.5558476247321709,-0.8439817684655191
1,prophet_pooled_profile,12,2031,24282,1594.5927833865724,0.9622547348857597,0.4512138471937971,6.132106929288038,-0.4242019433409947,0.5384979202613589,0.6097548749085152,-0.6201757234041889
1,prophet_yearly3,12,2031,24282,2350.7053417320244,0.8740118147696806,-0.8317680711029714,9.416000729426493,-5.008255429669839,-0.5027762130014304,0.4247112430866654,-1.3884190165856762
1,seasonal_naive,12,2031,24282,4086.131205387264,0.8329480766968814,-1.428802183026883,15.103882856036455,-4.745941735304293,-0.8861133274023212,0.0,-3.1516872837921355
1,seasonal_pooled,12,2031,24282,984.2097745028153,0.9850397066293246,0.7824892256314377,3.8885346408912995,0.41200453283131433,0.8053186909889539,0.7591340744993194,0.0
3,prophet_disabled,10,2031,20233,1765.6634842901324,0.9552339146242077,-0.10508771743164957,6.5035594834017605,-0.9616059324647448,,0.5942462891229452,-0.08619957075040419
3,prophet_pooled_profile,10,2031,20233,1659.4984107818086,0.9630822359027787,0.08865456256892168,6.254852358005554,-0.7705909720117798,,0.6186432780876098,-0.02088901848523772
3,prophet_yearly3,10,2031,20233,2467.467931559436,0.8836477294003864,-1.8722517069684947,9.445384298394634,-4.998427324628165,,0.43296994098346653,-0.5179351172784659
3,seasonal_naive,10,2031,20233,4351.5645993072285,0.8243709115591927,-3.335548816260957,16.01582400997583,-7.290021338739113,,0.0,-1.6769923271990166
3,seasonal_pooled,10,2031,20233,1625.5424250170884,0.9601779000298175,0.016958637549730038,6.101195199996226,-0.8587131428700692,,0.6264464451990726,0.0
6,prophet_disabled,7,2029,14162,2170.9660846981324,0.9406449281730123,-0.36115145747331034,7.765275225618113,-2.1583091934149867,,0.5019901908427769,-0.1294577205721188
6,prophet_pooled_profile,7,2029,14162,1916.6475154145246,0.9539589674465302,-0.05582920944654801,7.088295169731421,-1.705801169796803,,0.5603297213618261,0.0028529928871228183
6,prophet_yearly3,7,2029,14162,2903.9231008842316,0.8719860875628554,-1.9356602245985863,10.869467067136243,-6.53446335958606,,0.33385316358836803,-0.5107828672954509
6,seasonal_naive,7,2029,14162,4359.283782727163,0.8354124912654939,-2.774378844134636,15.841384586865809,-8.322950822852063,,0.0,-1.267942718806058
6,seasonal_pooled,7,2029,14162,1922.1313424626865,0.9419400472990694,-0.3314513285412335,7.138204572504017,-2.1414255673765323,,0.5590717562185862,0.0
12,prophet_disabled,1,2023,2023,2905.7989563838246,0.9225272548648421,,10.341981665668268,-5.6619384546449645,,0.381840993494719,0.381840993494719
12,prophet_pooled_profile,1,2023,2023,2989.260221265519,0.9187095800379657,,10.630912768160439,-5.9859653630572724,,0.3640860375065913,0.3640860375065913
12,prophet_yearly3,1,2023,2023,7432.7911349612705,0.5964241502629036,,22.85265946644288,-21.43819287646971,,-0.5811991306056536,-0.5811991306056536
12,seasonal_naive,1,2023,2023,4700.730598121601,0.8432067336079946,,14.38329201791961,-7.6829368696656,,0.0,0.0
12,seasonal_pooled,1,2023,2023,4700.730598121601,0.8432067336079946,,14.38329201791961,-7.6829368696656,,0.0,0.0
