source_url,title,region_code,published_date,published_clock,publication_timezone,available_from_scenario,forecast_date,before_forecast_day_scenario,before_forecast_month_scenario,document_role,forecast_time_precision,hazard_warning_verified,historical_vintage_verified,source_transport,coverage_status,snapshot_path,snapshot_sha256
https://23.mchs.gov.ru/deyatelnost/press-centr/novosti/vse-novosti/5033208,Штормовое предупреждение по подъёму уровней воды на реках бассейна р.Кубань - Новости - Главное управление МЧС России по Краснодарскому краю,23,2023-06-05,21:10,unknown,2023-06-06,,,,other_or_unparsed,,False,False,official_search_index_capture,partial_search_selected,data/external/mchs_archive_review/search_initial.json,7b60c8ae700d599f55696444ccd777caf81a2a86f5475fb7dbdf96bba58054c9
https://23.mchs.gov.ru/deyatelnost/press-centr/operativnaya-informaciya/5039508,Штормовое предупреждение по комплексу метеорологических явлений на территории Краснодарского края - Оперативная информация - Главное управление МЧС России по Краснодарскому краю,23,2023-06-14,09:27,unknown,2023-06-15,,,,other_or_unparsed,,False,False,official_search_index_capture,partial_search_selected,data/external/mchs_archive_review/search_initial.json,7b60c8ae700d599f55696444ccd777caf81a2a86f5475fb7dbdf96bba58054c9
https://23.mchs.gov.ru/deyatelnost/press-centr/operativnaya-informaciya/5043208,Штормовое предупреждение по КМЯ в МО г. Сочи - Оперативная информация - Главное управление МЧС России по Краснодарскому краю,23,2023-06-19,12:10,unknown,2023-06-20,,,,other_or_unparsed,,False,False,official_search_index_capture,partial_search_selected,data/external/mchs_archive_review/search_initial.json,7b60c8ae700d599f55696444ccd777caf81a2a86f5475fb7dbdf96bba58054c9
https://23.mchs.gov.ru/deyatelnost/press-centr/operativnaya-informaciya/shtormovye-i-ekstrennye-preduprezhdeniya/5043338,Штормовое предупреждение по КНМЯ на территории Краснодарского края - Экстренные предупреждения - Главное управление МЧС России по Краснодарскому краю,23,2023-06-19,15:00,unknown,2023-06-20,,,,other_or_unparsed,,False,False,official_search_index_capture,partial_search_selected,data/external/mchs_archive_review/search_initial.json,7b60c8ae700d599f55696444ccd777caf81a2a86f5475fb7dbdf96bba58054c9
https://23.mchs.gov.ru/deyatelnost/press-centr/operativnaya-informaciya/5043849,Штормовое предупреждение по комплексу метеорологических явлений на территории Краснодарского края на 20 июня 2023 г. - Оперативная информация - Главное управление МЧС России по Краснодарскому краю,23,2023-06-20,10:27,unknown,2023-06-21,,,,other_or_unparsed,,False,False,official_search_index_capture,partial_search_selected,data/external/mchs_archive_review/search_initial.json,7b60c8ae700d599f55696444ccd777caf81a2a86f5475fb7dbdf96bba58054c9
https://23.mchs.gov.ru/deyatelnost/press-centr/novosti/5050935,Сотрудники МЧС провели мониторинг пожарной обстановки в Абинском районе (+видео) - Новости - Главное управление МЧС России по Краснодарскому краю,23,2023-06-30,12:40,unknown,2023-07-01,,,,other_or_unparsed,,False,False,official_search_index_capture,partial_search_selected,data/external/mchs_archive_review/search_initial.json,7b60c8ae700d599f55696444ccd777caf81a2a86f5475fb7dbdf96bba58054c9
https://23.mchs.gov.ru/deyatelnost/poleznaya-informaciya/protivodeystvie-terrorizmu/novosti/5106236,Секретарь Совета Безопасности Российской Федерации Николай Патрушев провел в Краснодаре совещание по вопросам безопасности на Юге России - Новости Антитеррористической комиссии в Краснодарском крае - Главное управление МЧС России по Краснодарскому краю,23,2023-07-06,18:14,unknown,2023-07-07,,,,other_or_unparsed,,False,False,official_search_index_capture,partial_search_selected,data/external/mchs_archive_review/search_initial.json,7b60c8ae700d599f55696444ccd777caf81a2a86f5475fb7dbdf96bba58054c9
https://61.mchs.gov.ru/deyatelnost/press-centr/operativnaya-informaciya/5186346,ОПЕРАТИВНЫЙ ЕЖЕДНЕВНЫЙ ПРОГНОЗ на 09 января 2024 года - Оперативная информация - Главное управление МЧС России по Ростовской области,61,2024-01-08,17:00,unknown,2024-01-09,2024-01-09,False,False,dated_forecast,day,False,False,official_search_index_capture,partial_search_selected,data/external/mchs_archive_review/historic_61.json,0e229f0d0f22cfa8ea686f1f8a08e0e29223fa5ab70b24fe67a5e852e5474094
https://66.mchs.gov.ru/deyatelnost/press-centr/operativnaya-informaciya/5189535,Прогноз ЧС и происшествий на 13 января 2024 года - Оперативная информация - Главное управление МЧС России по Свердловской области,66,2024-01-12,14:00,unknown,2024-01-13,2024-01-13,False,False,dated_forecast,day,False,False,official_search_index_capture,partial_search_selected,data/external/mchs_archive_review/historic_66.json,4302449e3370844bf66bc06888f041f69d2d82cf1172c6c036081a17cd71e853
https://66.mchs.gov.ru/deyatelnost/press-centr/operativnaya-informaciya/prognozy/5190814,Прогноз ЧС и происшествий на 15 января 2024 года - Оперативная информация - Главное управление МЧС России по Свердловской области,66,2024-01-14,14:00,unknown,2024-01-15,2024-01-15,False,False,dated_forecast,day,False,False,official_search_index_capture,partial_search_selected,data/external/mchs_archive_review/historic_66.json,4302449e3370844bf66bc06888f041f69d2d82cf1172c6c036081a17cd71e853
https://21.mchs.gov.ru/deyatelnost/press-centr/operativnaya-informaciya/5195361,Ежедневный оперативный прогноз возникновения и развития ЧС на территории Чувашской Республики на 21.01.2024 - Оперативная информация - Главное управление МЧС России по Чувашской Республике — Чувашии,21,2024-01-20,13:00,unknown,2024-01-21,2024-01-21,False,False,dated_forecast,day,False,False,official_search_index_capture,partial_search_selected,data/external/mchs_archive_review/historic_21.json,b499706ad8130dd9db0b8bcd159602beac77ef9e46214ad1214be499cd82fca4
https://66.mchs.gov.ru/deyatelnost/press-centr/operativnaya-informaciya/5197477,Прогноз ЧС и происшествий на 24 января 2024 года - Оперативная информация - Главное управление МЧС России по Свердловской области,66,2024-01-23,14:00,unknown,2024-01-24,2024-01-24,False,False,dated_forecast,day,False,False,official_search_index_capture,partial_search_selected,data/external/mchs_archive_review/historic_66.json,4302449e3370844bf66bc06888f041f69d2d82cf1172c6c036081a17cd71e853
https://10.mchs.gov.ru/deyatelnost/press-centr/vse_novosti/5199603,Прогноз возникновения ЧС на территории Республики Карелия на 27 января 2024 г. - Оперативная информация - Главное управление МЧС России по Республике Карелия,10,2024-01-26,12:00,unknown,2024-01-27,2024-01-27,False,False,dated_forecast,day,False,False,official_search_index_capture,partial_search_selected,data/external/mchs_archive_review/historic_10.json,4f567c4d611a615201d4478158ceaa9fa59491fb9054e3b7c2adcc780f968d3d
https://54.mchs.gov.ru/deyatelnost/press-centr/operativnaya-informaciya/5201314,ПРОГНОЗ возможного возникновения и развития чрезвычайных ситуаций на территории Новосибирской области на февраль месяц 2024 года - Оперативная информация - Главное управление МЧС России по Новосибирской области,54,2024-01-29,15:21,unknown,2024-01-30,2024-02-01,True,True,dated_forecast,month,False,False,official_search_index_capture,partial_search_selected,data/external/mchs_archive_review/historic_54.json,e613bb6279b8664f88af5fd4f245f870151a1df76f5380fcdcd33a2f8281e64a
https://66.mchs.gov.ru/deyatelnost/press-centr/operativnaya-informaciya/5211879,Прогноз ЧС и происшествий на 14 февраля 2024 года - Оперативная информация - Главное управление МЧС России по Свердловской области,66,2024-02-13,14:00,unknown,2024-02-14,2024-02-14,False,False,dated_forecast,day,False,False,official_search_index_capture,partial_search_selected,data/external/mchs_archive_review/historic_66.json,4302449e3370844bf66bc06888f041f69d2d82cf1172c6c036081a17cd71e853
https://66.mchs.gov.ru/deyatelnost/press-centr/operativnaya-informaciya/5212475,Прогноз ЧС и происшествий на 15 февраля 2024 года - Оперативная информация - Главное управление МЧС России по Свердловской области,66,2024-02-14,14:00,unknown,2024-02-15,2024-02-15,False,False,dated_forecast,day,False,False,official_search_index_capture,partial_search_selected,data/external/mchs_archive_review/historic_66.json,4302449e3370844bf66bc06888f041f69d2d82cf1172c6c036081a17cd71e853
https://46.mchs.gov.ru/deyatelnost/press-centr/novosti/5217587,От паводка – к пожароопасному сезону. В Курске обсудили актуальные вопросы безопасности. - Новости - Главное управление МЧС России по Курской области,46,2024-02-21,14:12,unknown,2024-02-22,,,,other_or_unparsed,,False,False,official_search_index_capture,partial_search_selected,data/external/mchs_archive_review/region_search_46.json,a281265bf61a4041e255004b038afad490a4a43de534ee3dcfef7aa85b85b37a
https://46.mchs.gov.ru/deyatelnost/press-centr/operativnaya-informaciya/prognozy/5229907,Оперативный прогноз ЧС на 11.03.2024 - Оперативная информация - Главное управление МЧС России по Курской области,46,2024-03-10,13:20,unknown,2024-03-11,2024-03-11,False,False,dated_forecast,day,False,False,official_search_index_capture,partial_search_selected,data/external/mchs_archive_review/region_search_46.json,a281265bf61a4041e255004b038afad490a4a43de534ee3dcfef7aa85b85b37a
https://74.mchs.gov.ru/deyatelnost/press-centr/operativnaya-informaciya/prognozy/5229864,Ежедневный оперативный прогноз возникновения чрезвычайных ситуаций на территории Челябинской области на 11 марта 2024 года - Оперативная информация - Главное управление МЧС России по Челябинской области,74,2024-03-10,14:30,unknown,2024-03-11,2024-03-11,False,False,dated_forecast,day,False,False,official_search_index_capture,partial_search_selected,data/external/mchs_archive_review/region_search_74.json,3e375a8f20c95318de6a4dd682967bb08188223d19198a85777b836bc515a7f4
https://45.mchs.gov.ru/deyatelnost/press-centr/vse_novosti/5230443,Оперативный ежедневный прогноз возникновения и развития ЧС на территории Курганской области на 12 марта 2024 года - Оперативная информация - Главное управление МЧС России по Курганской области,45,2024-03-11,14:00,unknown,2024-03-12,2024-03-12,False,False,dated_forecast,day,False,False,official_search_index_capture,partial_search_selected,data/external/mchs_archive_review/search_initial.json,7b60c8ae700d599f55696444ccd777caf81a2a86f5475fb7dbdf96bba58054c9
https://74.mchs.gov.ru/deyatelnost/press-centr/vse_novosti/5235469,Ежедневный оперативный прогноз возникновения чрезвычайных ситуаций на территории Челябинской области на 19 марта 2024 года - Оперативная информация - Главное управление МЧС России по Челябинской области,74,2024-03-18,16:01,unknown,2024-03-19,2024-03-19,False,False,dated_forecast,day,False,False,official_search_index_capture,partial_search_selected,data/external/mchs_archive_review/region_search_74.json,3e375a8f20c95318de6a4dd682967bb08188223d19198a85777b836bc515a7f4
https://46.mchs.gov.ru/deyatelnost/press-centr/vse_novosti/5236110,Искусственный интеллект в системе МЧС России: дашборд расскажет о весеннем половодье - Все новости - Главное управление МЧС России по Курской области,46,2024-03-19,11:04,unknown,2024-03-20,,,,other_or_unparsed,,False,False,official_search_index_capture,partial_search_selected,data/external/mchs_archive_review/region_search_46.json,a281265bf61a4041e255004b038afad490a4a43de534ee3dcfef7aa85b85b37a
https://46.mchs.gov.ru/deyatelnost/press-centr/smi-o-nas/syuzhety-tv/5251042,ИА Курсксити - Сюжет о тренировке по ликвидации последствий весеннего половодья - 25.03.2024 - Сюжеты ТВ - Главное управление МЧС России по Курской области,46,2024-03-25,10:59,unknown,2024-03-26,,,,other_or_unparsed,,False,False,official_search_index_capture,partial_search_selected,data/external/mchs_archive_review/region_search_46.json,a281265bf61a4041e255004b038afad490a4a43de534ee3dcfef7aa85b85b37a
https://54.mchs.gov.ru/deyatelnost/press-centr/operativnaya-informaciya/prognozy/5241400,ПРОГНОЗ возможного возникновения и развития чрезвычайных ситуаций на территории Новосибирской области на апрель месяц 2024 года - Оперативная информация - Главное управление МЧС России по Новосибирской области,54,2024-03-27,09:51,unknown,2024-03-28,2024-04-01,True,True,dated_forecast,month,False,False,official_search_index_capture,partial_search_selected,data/external/mchs_archive_review/historic_54.json,e613bb6279b8664f88af5fd4f245f870151a1df76f5380fcdcd33a2f8281e64a
https://10.mchs.gov.ru/deyatelnost/press-centr/operativnaya-informaciya/5242454,Прогноз возникновения ЧС на территории Республики Карелия на 29 марта 2024 г. - Оперативная информация - Главное управление МЧС России по Республике Карелия,10,2024-03-28,12:00,unknown,2024-03-29,2024-03-29,False,False,dated_forecast,day,False,False,official_search_index_capture,partial_search_selected,data/external/mchs_archive_review/historic_10.json,4f567c4d611a615201d4478158ceaa9fa59491fb9054e3b7c2adcc780f968d3d
https://54.mchs.gov.ru/deyatelnost/press-centr/operativnaya-informaciya/prognozy/5242520,КРАТКОСРОЧНЫЙ НЕДЕЛЬНЫЙ ПРОГНОЗ № 12 возможного возникновения и развития чрезвычайных ситуаций на территории Новосибирской области с 29 марта по 04 апреля 2024 года - Оперативная информация - Главное управление МЧС России по Новосибирской области,54,2024-03-28,18:16,unknown,2024-03-29,,,,other_or_unparsed,,False,False,official_search_index_capture,partial_search_selected,data/external/mchs_archive_review/historic_54.json,e613bb6279b8664f88af5fd4f245f870151a1df76f5380fcdcd33a2f8281e64a
https://21.mchs.gov.ru/deyatelnost/press-centr/operativnaya-informaciya/5245149,Ежедневный оперативный прогноз возникновения и развития ЧС на территории Чувашской Республики на 02.04.2024 - Оперативная информация - Главное управление МЧС России по Чувашской Республике — Чувашии,21,2024-04-01,13:00,unknown,2024-04-02,2024-04-02,False,False,dated_forecast,day,False,False,official_search_index_capture,partial_search_selected,data/external/mchs_archive_review/historic_21.json,b499706ad8130dd9db0b8bcd159602beac77ef9e46214ad1214be499cd82fca4
https://56.mchs.gov.ru/deyatelnost/press-centr/vse_novosti/5252131,Краткосрочный недельный прогноз возникновения чрезвычайных ситуаций на территории Оренбургской области на период с 11 по 17 апреля 2024 года - Оперативная информация - Главное управление МЧС России по Оренбургской области,56,2024-04-10,18:11,unknown,2024-04-11,,,,other_or_unparsed,,False,False,official_search_index_capture,partial_search_selected,data/external/mchs_archive_review/region_search_56.json,91eb4dd7249d93b2b467af0e66d5ea017ee294018a33d22a468abceed72dee42
https://54.mchs.gov.ru/deyatelnost/press-centr/vse_novosti/5253043,КРАТКОСРОЧНЫЙ НЕДЕЛЬНЫЙ ПРОГНОЗ № 14 возможного возникновения и развития чрезвычайных ситуаций на территории Новосибирской области с 12 по 18 апреля 2024 года - Оперативная информация - Главное управление МЧС России по Новосибирской области,54,2024-04-11,20:35,unknown,2024-04-12,,,,other_or_unparsed,,False,False,official_search_index_capture,partial_search_selected,data/external/mchs_archive_review/historic_54.json,e613bb6279b8664f88af5fd4f245f870151a1df76f5380fcdcd33a2f8281e64a
https://72.mchs.gov.ru/deyatelnost/press-centr/operativnaya-informaciya/prognozy/5254899,Оперативный ежедневный прогноз возникновения и развития чрезвычайных ситуаций и происшествий на территории Тюменской области на 15 апреля 2024 г - Оперативная информация - Главное управление МЧС России по Тюменской области,72,2024-04-14,15:00,unknown,2024-04-15,2024-04-15,False,False,dated_forecast,day,False,False,official_search_index_capture,partial_search_selected,data/external/mchs_archive_review/historic_72.json,ffc23d30d9bf6dd6ccb0bf6e3306e07b750ca7209d28376147bb98d6b7ca83cf
https://45.mchs.gov.ru/deyatelnost/press-centr/vse_novosti/5255472,Оперативный ежедневный прогноз возникновения и развития ЧС на территории Курганской области на 16 апреля 2024 года - Оперативная информация - Главное управление МЧС России по Курганской области,45,2024-04-15,14:00,unknown,2024-04-16,2024-04-16,False,False,dated_forecast,day,False,False,official_search_index_capture,partial_search_selected,data/external/mchs_archive_review/region_search_45.json,45ce454795249483a53c592bd1c93cfdd9171023f4c197ce8eef8fedd1a821f1
https://45.mchs.gov.ru/deyatelnost/press-centr/operativnaya-informaciya/prognozy/5256224,Оперативный ежедневный прогноз возникновения и развития ЧС на территории Курганской области на 17 апреля 2024 года - Оперативная информация - Главное управление МЧС России по Курганской области,45,2024-04-16,14:00,unknown,2024-04-17,2024-04-17,False,False,dated_forecast,day,False,False,official_search_index_capture,partial_search_selected,data/external/mchs_archive_review/region_search_45.json,45ce454795249483a53c592bd1c93cfdd9171023f4c197ce8eef8fedd1a821f1
https://61.mchs.gov.ru/deyatelnost/press-centr/novosti/5257619,В Белокалитвинском районе провели масштабные пожарно-тактические учения - Новости - Главное управление МЧС России по Ростовской области,61,2024-04-18,10:02,unknown,2024-04-19,,,,other_or_unparsed,,False,False,official_search_index_capture,partial_search_selected,data/external/mchs_archive_review/historic_61.json,0e229f0d0f22cfa8ea686f1f8a08e0e29223fa5ab70b24fe67a5e852e5474094
https://10.mchs.gov.ru/deyatelnost/press-centr/operativnaya-informaciya/5259348,Прогноз возникновения ЧС на территории Республики Карелия на 21 апреля 2024 г. - Оперативная информация - Главное управление МЧС России по Республике Карелия,10,2024-04-20,12:00,unknown,2024-04-21,2024-04-21,False,False,dated_forecast,day,False,False,official_search_index_capture,partial_search_selected,data/external/mchs_archive_review/historic_10.json,4f567c4d611a615201d4478158ceaa9fa59491fb9054e3b7c2adcc780f968d3d
https://45.mchs.gov.ru/deyatelnost/press-centr/operativnaya-informaciya/5259955,"ПРОГНОЗ вероятных чрезвычайных ситуаций и их последствия, обусловленных прохождением паводкоопасного периода, на территории Курганской области в 2024 году на 22 апреля 2024 года - Оперативная информация - Главное управление МЧС России по Курганской области",45,2024-04-22,06:30,unknown,2024-04-23,2024-04-22,False,False,dated_forecast,day,False,False,official_search_index_capture,partial_search_selected,data/external/mchs_archive_review/region_search_45.json,45ce454795249483a53c592bd1c93cfdd9171023f4c197ce8eef8fedd1a821f1
https://72.mchs.gov.ru/deyatelnost/press-centr/vse_novosti/5262353,Оперативный ежедневный прогноз возникновения и развития чрезвычайных ситуаций и происшествий на территории Тюменской области на 25 апреля 2024 г - Оперативная информация - Главное управление МЧС России по Тюменской области,72,2024-04-24,15:00,unknown,2024-04-25,2024-04-25,False,False,dated_forecast,day,False,False,official_search_index_capture,partial_search_selected,data/external/mchs_archive_review/historic_72.json,ffc23d30d9bf6dd6ccb0bf6e3306e07b750ca7209d28376147bb98d6b7ca83cf
https://45.mchs.gov.ru/deyatelnost/press-centr/operativnaya-informaciya/prognozy/5263017,Оперативный ежедневный прогноз возникновения и развития ЧС на территории Курганской области на 26 апреля 2024 года - Оперативная информация - Главное управление МЧС России по Курганской области,45,2024-04-25,14:00,unknown,2024-04-26,2024-04-26,False,False,dated_forecast,day,False,False,official_search_index_capture,partial_search_selected,data/external/mchs_archive_review/region_search_45.json,45ce454795249483a53c592bd1c93cfdd9171023f4c197ce8eef8fedd1a821f1
https://54.mchs.gov.ru/deyatelnost/press-centr/operativnaya-informaciya/5264750,ПРОГНОЗ возможного возникновения и развития чрезвычайных ситуаций на территории Новосибирской области на май месяц 2024 года - Оперативная информация - Главное управление МЧС России по Новосибирской области,54,2024-04-27,18:17,unknown,2024-04-28,2024-05-01,True,True,dated_forecast,month,False,False,official_search_index_capture,partial_search_selected,data/external/mchs_archive_review/historic_54.json,e613bb6279b8664f88af5fd4f245f870151a1df76f5380fcdcd33a2f8281e64a
https://72.mchs.gov.ru/deyatelnost/press-centr/vse_novosti/5264588,Оперативный ежедневный прогноз возникновения и развития чрезвычайных ситуаций и происшествий на территории Тюменской области на 28 апреля 2024 г - Оперативная информация - Главное управление МЧС России по Тюменской области,72,2024-04-27,15:00,unknown,2024-04-28,2024-04-28,False,False,dated_forecast,day,False,False,official_search_index_capture,partial_search_selected,data/external/mchs_archive_review/historic_72.json,ffc23d30d9bf6dd6ccb0bf6e3306e07b750ca7209d28376147bb98d6b7ca83cf
https://72.mchs.gov.ru/deyatelnost/press-centr/operativnaya-informaciya/prognozy/5267311,Оперативный ежедневный прогноз возникновения и развития чрезвычайных ситуаций и происшествий на территории Тюменской области на 2 мая 2024 г - Оперативная информация - Главное управление МЧС России по Тюменской области,72,2024-05-01,15:00,unknown,2024-05-02,2024-05-02,False,False,dated_forecast,day,False,False,official_search_index_capture,partial_search_selected,data/external/mchs_archive_review/historic_72.json,ffc23d30d9bf6dd6ccb0bf6e3306e07b750ca7209d28376147bb98d6b7ca83cf
https://66.mchs.gov.ru/deyatelnost/press-centr/vse_novosti/5279410,Прогноз ЧС и происшествий на 18 мая 2024 года - Оперативная информация - Главное управление МЧС России по Свердловской области,66,2024-05-17,14:00,unknown,2024-05-18,2024-05-18,False,False,dated_forecast,day,False,False,official_search_index_capture,partial_search_selected,data/external/mchs_archive_review/historic_66.json,4302449e3370844bf66bc06888f041f69d2d82cf1172c6c036081a17cd71e853
https://72.mchs.gov.ru/deyatelnost/press-centr/operativnaya-informaciya/prognozy/5286425,Оперативный ежедневный прогноз возникновения и развития чрезвычайных ситуаций и происшествий на территории Тюменской области на 28 мая 2024 г - Оперативная информация - Главное управление МЧС России по Тюменской области,72,2024-05-27,15:00,unknown,2024-05-28,2024-05-28,False,False,dated_forecast,day,False,False,official_search_index_capture,partial_search_selected,data/external/mchs_archive_review/historic_72.json,ffc23d30d9bf6dd6ccb0bf6e3306e07b750ca7209d28376147bb98d6b7ca83cf
https://54.mchs.gov.ru/deyatelnost/press-centr/operativnaya-informaciya/5287188,ПРОГНОЗ возможного возникновения и развития чрезвычайных ситуаций на территории Новосибирской области на июнь месяц 2024 года - Оперативная информация - Главное управление МЧС России по Новосибирской области,54,2024-05-28,17:22,unknown,2024-05-29,2024-06-01,True,True,dated_forecast,month,False,False,official_search_index_capture,partial_search_selected,data/external/mchs_archive_review/historic_54.json,e613bb6279b8664f88af5fd4f245f870151a1df76f5380fcdcd33a2f8281e64a
https://72.mchs.gov.ru/deyatelnost/press-centr/operativnaya-informaciya/prognozy/5287151,Оперативный ежедневный прогноз возникновения и развития чрезвычайных ситуаций и происшествий на территории Тюменской области на 29 мая 2024 г - Оперативная информация - Главное управление МЧС России по Тюменской области,72,2024-05-28,15:00,unknown,2024-05-29,2024-05-29,False,False,dated_forecast,day,False,False,official_search_index_capture,partial_search_selected,data/external/mchs_archive_review/historic_72.json,ffc23d30d9bf6dd6ccb0bf6e3306e07b750ca7209d28376147bb98d6b7ca83cf
https://66.mchs.gov.ru/deyatelnost/press-centr/operativnaya-informaciya/5289754,Прогноз ЧС и происшествий на 1 июня 2024 года - Оперативная информация - Главное управление МЧС России по Свердловской области,66,2024-05-31,14:00,unknown,2024-06-01,2024-06-01,False,False,dated_forecast,day,False,False,official_search_index_capture,partial_search_selected,data/external/mchs_archive_review/historic_66.json,4302449e3370844bf66bc06888f041f69d2d82cf1172c6c036081a17cd71e853
https://72.mchs.gov.ru/deyatelnost/press-centr/vse_novosti/5289785,Оперативный ежедневный прогноз возникновения и развития чрезвычайных ситуаций и происшествий на территории Тюменской области на 01 июня 2024 г - Оперативная информация - Главное управление МЧС России по Тюменской области,72,2024-05-31,15:00,unknown,2024-06-01,2024-06-01,False,False,dated_forecast,day,False,False,official_search_index_capture,partial_search_selected,data/external/mchs_archive_review/historic_72.json,ffc23d30d9bf6dd6ccb0bf6e3306e07b750ca7209d28376147bb98d6b7ca83cf
https://46.mchs.gov.ru/deyatelnost/press-centr/operativnaya-informaciya/5300024,Оперативный прогноз ЧС на 15.06.2024 - Оперативная информация - Главное управление МЧС России по Курской области,46,2024-06-14,13:36,unknown,2024-06-15,2024-06-15,False,False,dated_forecast,day,False,False,official_search_index_capture,partial_search_selected,data/external/mchs_archive_review/warning_search_b.json,c334f3b54237603fad3179bb56b5ef2d82f4d0004bb5e0702d20adcf4fc7cd37
https://72.mchs.gov.ru/deyatelnost/press-centr/operativnaya-informaciya/prognozy/5305103,Оперативный ежедневный прогноз возникновения и развития чрезвычайных ситуаций и происшествий на территории Тюменской области на 22 июня 2024 г - Оперативная информация - Главное управление МЧС России по Тюменской области,72,2024-06-21,15:00,unknown,2024-06-22,2024-06-22,False,False,dated_forecast,day,False,False,official_search_index_capture,partial_search_selected,data/external/mchs_archive_review/historic_72.json,ffc23d30d9bf6dd6ccb0bf6e3306e07b750ca7209d28376147bb98d6b7ca83cf
https://54.mchs.gov.ru/deyatelnost/press-centr/operativnaya-informaciya/5307847,ПРОГНОЗ возможного возникновения и развития чрезвычайных ситуаций на территории Новосибирской области на июль месяц 2024 года - Оперативная информация - Главное управление МЧС России по Новосибирской области,54,2024-06-25,19:23,unknown,2024-06-26,2024-07-01,True,True,dated_forecast,month,False,False,official_search_index_capture,partial_search_selected,data/external/mchs_archive_review/historic_54.json,e613bb6279b8664f88af5fd4f245f870151a1df76f5380fcdcd33a2f8281e64a
https://25.mchs.gov.ru/deyatelnost/press-centr/operativnaya-informaciya/prognozy/5323663,Прогноз ЧС на 19 июля 2024 года - Оперативная информация - Главное управление МЧС России по Приморскому краю,25,2024-07-18,15:12,unknown,2024-07-19,2024-07-19,False,False,dated_forecast,day,False,False,official_search_index_capture,partial_search_selected,data/external/mchs_archive_review/region_search_25.json,e317c0e0d3b836cb51a87fce67746a9ef11788150df45527af59d698aebde9ba
https://46.mchs.gov.ru/deyatelnost/press-centr/vse_novosti/5326714,Оперативный прогноз ЧС на 23.07.2024 - Оперативная информация - Главное управление МЧС России по Курской области,46,2024-07-22,15:39,unknown,2024-07-23,2024-07-23,False,False,dated_forecast,day,False,False,official_search_index_capture,partial_search_selected,data/external/mchs_archive_review/warning_search_b.json,c334f3b54237603fad3179bb56b5ef2d82f4d0004bb5e0702d20adcf4fc7cd37
https://54.mchs.gov.ru/deyatelnost/press-centr/operativnaya-informaciya/5328766,ПРОГНОЗ возможного возникновения и развития чрезвычайных ситуаций на территории Новосибирской области на август месяц 2024 года - Оперативная информация - Главное управление МЧС России по Новосибирской области,54,2024-07-25,19:11,unknown,2024-07-26,2024-08-01,True,True,dated_forecast,month,False,False,official_search_index_capture,partial_search_selected,data/external/mchs_archive_review/historic_54.json,e613bb6279b8664f88af5fd4f245f870151a1df76f5380fcdcd33a2f8281e64a
https://21.mchs.gov.ru/deyatelnost/press-centr/operativnaya-informaciya/5336324,Ежедневный оперативный прогноз возникновения и развития ЧС на территории Чувашской Республики на 07.08.2024 - Оперативная информация - Главное управление МЧС России по Чувашской Республике — Чувашии,21,2024-08-06,13:00,unknown,2024-08-07,2024-08-07,False,False,dated_forecast,day,False,False,official_search_index_capture,partial_search_selected,data/external/mchs_archive_review/historic_21.json,b499706ad8130dd9db0b8bcd159602beac77ef9e46214ad1214be499cd82fca4
https://46.mchs.gov.ru/deyatelnost/press-centr/operativnaya-informaciya/prognozy/5337882,Оперативный прогноз ЧС на 09.08.2024 - Оперативная информация - Главное управление МЧС России по Курской области,46,2024-08-08,18:21,unknown,2024-08-09,2024-08-09,False,False,dated_forecast,day,False,False,official_search_index_capture,partial_search_selected,data/external/mchs_archive_review/warning_search_b.json,c334f3b54237603fad3179bb56b5ef2d82f4d0004bb5e0702d20adcf4fc7cd37
https://25.mchs.gov.ru/deyatelnost/press-centr/vse_novosti/5338831,Прогноз ЧС на 11 августа 2024 года - Оперативная информация - Главное управление МЧС России по Приморскому краю,25,2024-08-10,14:26,unknown,2024-08-11,2024-08-11,False,False,dated_forecast,day,False,False,official_search_index_capture,partial_search_selected,data/external/mchs_archive_review/region_search_25.json,e317c0e0d3b836cb51a87fce67746a9ef11788150df45527af59d698aebde9ba
https://46.mchs.gov.ru/deyatelnost/press-centr/operativnaya-informaciya/prognozy/5339012,Оперативный прогноз ЧС на 11.08.2024 - Оперативная информация - Главное управление МЧС России по Курской области,46,2024-08-10,13:50,unknown,2024-08-11,2024-08-11,False,False,dated_forecast,day,False,False,official_search_index_capture,partial_search_selected,data/external/mchs_archive_review/warning_search_b.json,c334f3b54237603fad3179bb56b5ef2d82f4d0004bb5e0702d20adcf4fc7cd37
https://46.mchs.gov.ru/deyatelnost/press-centr/operativnaya-informaciya/prognozy/5339528,Оперативный прогноз ЧС на 12.08.2024 - Оперативная информация - Главное управление МЧС России по Курской области,46,2024-08-11,13:32,unknown,2024-08-12,2024-08-12,False,False,dated_forecast,day,False,False,official_search_index_capture,partial_search_selected,data/external/mchs_archive_review/warning_search_b.json,c334f3b54237603fad3179bb56b5ef2d82f4d0004bb5e0702d20adcf4fc7cd37
https://66.mchs.gov.ru/deyatelnost/press-centr/operativnaya-informaciya/5340149,Прогноз ЧС и происшествий на 13 августа 2024 года - Оперативная информация - Главное управление МЧС России по Свердловской области,66,2024-08-12,14:00,unknown,2024-08-13,2024-08-13,False,False,dated_forecast,day,False,False,official_search_index_capture,partial_search_selected,data/external/mchs_archive_review/historic_66.json,4302449e3370844bf66bc06888f041f69d2d82cf1172c6c036081a17cd71e853
https://10.mchs.gov.ru/deyatelnost/press-centr/vse_novosti/5342844,Прогноз возникновения ЧС на территории Республики Карелия на 17 августа 2024 г. - Оперативная информация - Главное управление МЧС России по Республике Карелия,10,2024-08-16,12:00,unknown,2024-08-17,2024-08-17,False,False,dated_forecast,day,False,False,official_search_index_capture,partial_search_selected,data/external/mchs_archive_review/historic_10.json,4f567c4d611a615201d4478158ceaa9fa59491fb9054e3b7c2adcc780f968d3d
https://54.mchs.gov.ru/deyatelnost/press-centr/operativnaya-informaciya/ekstrennye-preduprezhdeniya/5346519,КРАТКОСРОЧНЫЙ НЕДЕЛЬНЫЙ ПРОГНОЗ № 33 возможного возникновения и развития чрезвычайных ситуаций на территории Новосибирской области с 23 по 29 августа 2024 года - Оперативная информация - Главное управление МЧС России по Новосибирской области,54,2024-08-22,18:53,unknown,2024-08-23,,,,other_or_unparsed,,False,False,official_search_index_capture,partial_search_selected,data/external/mchs_archive_review/historic_54.json,e613bb6279b8664f88af5fd4f245f870151a1df76f5380fcdcd33a2f8281e64a
https://46.mchs.gov.ru/deyatelnost/press-centr/vse_novosti/5347259,Оперативный прогноз ЧС на 24.08.2024 - Оперативная информация - Главное управление МЧС России по Курской области,46,2024-08-23,14:05,unknown,2024-08-24,2024-08-24,False,False,dated_forecast,day,False,False,official_search_index_capture,partial_search_selected,data/external/mchs_archive_review/warning_search_b.json,c334f3b54237603fad3179bb56b5ef2d82f4d0004bb5e0702d20adcf4fc7cd37
https://72.mchs.gov.ru/deyatelnost/press-centr/operativnaya-informaciya/prognozy/5349015,Оперативный ежедневный прогноз возникновения и развития чрезвычайных ситуаций и происшествий на территории Тюменской области на 27 августа 2024 г - Оперативная информация - Главное управление МЧС России по Тюменской области,72,2024-08-26,15:00,unknown,2024-08-27,2024-08-27,False,False,dated_forecast,day,False,False,official_search_index_capture,partial_search_selected,data/external/mchs_archive_review/historic_72.json,ffc23d30d9bf6dd6ccb0bf6e3306e07b750ca7209d28376147bb98d6b7ca83cf
https://54.mchs.gov.ru/deyatelnost/press-centr/operativnaya-informaciya/prognozy/5355617,КРАТКОСРОЧНЫЙ НЕДЕЛЬНЫЙ ПРОГНОЗ № 35 возможного возникновения и развития чрезвычайных ситуаций на территории Новосибирской области с 6 по 12 сентября 2024 года - Оперативная информация - Главное управление МЧС России по Новосибирской области,54,2024-09-05,17:48,unknown,2024-09-06,,,,other_or_unparsed,,False,False,official_search_index_capture,partial_search_selected,data/external/mchs_archive_review/historic_54.json,e613bb6279b8664f88af5fd4f245f870151a1df76f5380fcdcd33a2f8281e64a
https://46.mchs.gov.ru/deyatelnost/press-centr/vse_novosti/5356916,Оперативный прогноз ЧС на 08.09.2024 - Оперативная информация - Главное управление МЧС России по Курской области,46,2024-09-07,15:08,unknown,2024-09-08,2024-09-08,False,False,dated_forecast,day,False,False,official_search_index_capture,partial_search_selected,data/external/mchs_archive_review/warning_search_b.json,c334f3b54237603fad3179bb56b5ef2d82f4d0004bb5e0702d20adcf4fc7cd37
https://46.mchs.gov.ru/deyatelnost/press-centr/operativnaya-informaciya/prognozy/5360590,Оперативный прогноз ЧС на 14.09.2024 - Оперативная информация - Главное управление МЧС России по Курской области,46,2024-09-13,12:47,unknown,2024-09-14,2024-09-14,False,False,dated_forecast,day,False,False,official_search_index_capture,partial_search_selected,data/external/mchs_archive_review/warning_search_b.json,c334f3b54237603fad3179bb56b5ef2d82f4d0004bb5e0702d20adcf4fc7cd37
https://61.mchs.gov.ru/deyatelnost/press-centr/operativnaya-informaciya/5361275,ОПЕРАТИВНЫЙ ЕЖЕДНЕВНЫЙ ПРОГНОЗ на 15 сентября 2024 года - Оперативная информация - Главное управление МЧС России по Ростовской области,61,2024-09-14,17:00,unknown,2024-09-15,2024-09-15,False,False,dated_forecast,day,False,False,official_search_index_capture,partial_search_selected,data/external/mchs_archive_review/historic_61.json,0e229f0d0f22cfa8ea686f1f8a08e0e29223fa5ab70b24fe67a5e852e5474094
https://72.mchs.gov.ru/deyatelnost/press-centr/operativnaya-informaciya/prognozy/5364208,Оперативный ежедневный прогноз возникновения и развития чрезвычайных ситуаций и происшествий на территории Тюменской области на 20 сентября 2024 г - Оперативная информация - Главное управление МЧС России по Тюменской области,72,2024-09-19,15:00,unknown,2024-09-20,2024-09-20,False,False,dated_forecast,day,False,False,official_search_index_capture,partial_search_selected,data/external/mchs_archive_review/historic_72.json,ffc23d30d9bf6dd6ccb0bf6e3306e07b750ca7209d28376147bb98d6b7ca83cf
https://46.mchs.gov.ru/deyatelnost/press-centr/operativnaya-informaciya/prognozy/5367035,Оперативный прогноз ЧС на 24.09.2024 - Оперативная информация - Главное управление МЧС России по Курской области,46,2024-09-23,16:54,unknown,2024-09-24,2024-09-24,False,False,dated_forecast,day,False,False,official_search_index_capture,partial_search_selected,data/external/mchs_archive_review/warning_search_b.json,c334f3b54237603fad3179bb56b5ef2d82f4d0004bb5e0702d20adcf4fc7cd37
https://61.mchs.gov.ru/deyatelnost/press-centr/vse_novosti/5369979,ОПЕРАТИВНЫЙ ЕЖЕДНЕВНЫЙ ПРОГНОЗ на 28 сентября 2024 года - Оперативная информация - Главное управление МЧС России по Ростовской области,61,2024-09-27,17:00,unknown,2024-09-28,2024-09-28,False,False,dated_forecast,day,False,False,official_search_index_capture,partial_search_selected,data/external/mchs_archive_review/historic_61.json,0e229f0d0f22cfa8ea686f1f8a08e0e29223fa5ab70b24fe67a5e852e5474094
https://61.mchs.gov.ru/deyatelnost/press-centr/vse_novosti/5371721,ОПЕРАТИВНЫЙ ЕЖЕДНЕВНЫЙ ПРОГНОЗ на 01 октября 2024 года - Оперативная информация - Главное управление МЧС России по Ростовской области,61,2024-09-30,17:00,unknown,2024-10-01,2024-10-01,False,False,dated_forecast,day,False,False,official_search_index_capture,partial_search_selected,data/external/mchs_archive_review/historic_61.json,0e229f0d0f22cfa8ea686f1f8a08e0e29223fa5ab70b24fe67a5e852e5474094
https://31.mchs.gov.ru/deyatelnost/press-centr/operativnaya-informaciya/5376156,Оперативный прогноз на 08.10.2024 - Оперативная информация - Главное управление МЧС России по Белгородской области,31,2024-10-07,13:17,unknown,2024-10-08,2024-10-08,False,False,dated_forecast,day,False,False,official_search_index_capture,partial_search_selected,data/external/mchs_archive_review/historic_31.json,593ab029e1234a270ac113eaee6d7746a4820260d3dca8718bc016a1924ac971
https://46.mchs.gov.ru/deyatelnost/press-centr/operativnaya-informaciya/5379559,Оперативный прогноз ЧС на 12.10.2024 - Оперативная информация - Главное управление МЧС России по Курской области,46,2024-10-11,16:53,unknown,2024-10-12,2024-10-12,False,False,dated_forecast,day,False,False,official_search_index_capture,partial_search_selected,data/external/mchs_archive_review/warning_search_b.json,c334f3b54237603fad3179bb56b5ef2d82f4d0004bb5e0702d20adcf4fc7cd37
https://10.mchs.gov.ru/deyatelnost/press-centr/novosti/5392365,Рыбалка осенью: основные риски - Новости - Главное управление МЧС России по Республике Карелия,10,2024-11-04,14:42,unknown,2024-11-05,,,,other_or_unparsed,,False,False,official_search_index_capture,partial_search_selected,data/external/mchs_archive_review/historic_10.json,4f567c4d611a615201d4478158ceaa9fa59491fb9054e3b7c2adcc780f968d3d
https://72.mchs.gov.ru/deyatelnost/press-centr/operativnaya-informaciya/prognozy/5405241,Оперативный ежедневный прогноз возникновения и развития чрезвычайных ситуаций и происшествий на территории Тюменской области на 23 ноября 2024 г. - Оперативная информация - Главное управление МЧС России по Тюменской области,72,2024-11-22,15:00,unknown,2024-11-23,2024-11-23,False,False,dated_forecast,day,False,False,official_search_index_capture,partial_search_selected,data/external/mchs_archive_review/historic_72.json,ffc23d30d9bf6dd6ccb0bf6e3306e07b750ca7209d28376147bb98d6b7ca83cf
https://25.mchs.gov.ru/deyatelnost/press-centr/operativnaya-informaciya/5407429,Прогноз ЧС на 27 ноября 2024 года - Оперативная информация - Главное управление МЧС России по Приморскому краю,25,2024-11-26,15:04,unknown,2024-11-27,2024-11-27,False,False,dated_forecast,day,False,False,official_search_index_capture,partial_search_selected,data/external/mchs_archive_review/region_search_25.json,e317c0e0d3b836cb51a87fce67746a9ef11788150df45527af59d698aebde9ba
https://66.mchs.gov.ru/deyatelnost/press-centr/vse_novosti/5409015,Прогноз ЧС и происшествий на 29 ноября 2024 года - Оперативная информация - Главное управление МЧС России по Свердловской области,66,2024-11-28,14:00,unknown,2024-11-29,2024-11-29,False,False,dated_forecast,day,False,False,official_search_index_capture,partial_search_selected,data/external/mchs_archive_review/historic_66.json,4302449e3370844bf66bc06888f041f69d2d82cf1172c6c036081a17cd71e853
https://66.mchs.gov.ru/deyatelnost/press-centr/operativnaya-informaciya/prognozy/5410378,Прогноз ЧС и происшествий на 1 декабря 2024 года - Оперативная информация - Главное управление МЧС России по Свердловской области,66,2024-11-30,14:00,unknown,2024-12-01,2024-12-01,False,False,dated_forecast,day,False,False,official_search_index_capture,partial_search_selected,data/external/mchs_archive_review/historic_66.json,4302449e3370844bf66bc06888f041f69d2d82cf1172c6c036081a17cd71e853
https://66.mchs.gov.ru/deyatelnost/press-centr/vse_novosti/5425898,Прогноз ЧС и происшествий на 25 декабря 2024 года - Оперативная информация - Главное управление МЧС России по Свердловской области,66,2024-12-24,14:00,unknown,2024-12-25,2024-12-25,False,False,dated_forecast,day,False,False,official_search_index_capture,partial_search_selected,data/external/mchs_archive_review/historic_66.json,4302449e3370844bf66bc06888f041f69d2d82cf1172c6c036081a17cd71e853
https://31.mchs.gov.ru/deyatelnost/press-centr/operativnaya-informaciya/5426561,Оперативный прогноз на 26.12.2024 - Оперативная информация - Главное управление МЧС России по Белгородской области,31,2024-12-25,12:20,unknown,2024-12-26,2024-12-26,False,False,dated_forecast,day,False,False,official_search_index_capture,partial_search_selected,data/external/mchs_archive_review/historic_31.json,593ab029e1234a270ac113eaee6d7746a4820260d3dca8718bc016a1924ac971
https://54.mchs.gov.ru/deyatelnost/press-centr/vse_novosti/5427516,КРАТКОСРОЧНЫЙ НЕДЕЛЬНЫЙ ПРОГНОЗ № 51 возможного возникновения и развития чрезвычайных ситуаций на территории Новосибирской области с 27 декабря 2024 года по 2 января 2025 года - Оперативная информация - Главное управление МЧС России по Новосибирской области,54,2024-12-26,21:18,unknown,2024-12-27,,,,other_or_unparsed,,False,False,official_search_index_capture,partial_search_selected,data/external/mchs_archive_review/historic_54.json,e613bb6279b8664f88af5fd4f245f870151a1df76f5380fcdcd33a2f8281e64a
https://66.mchs.gov.ru/deyatelnost/press-centr/operativnaya-informaciya/prognozy/5431094,Прогноз ЧС и происшествий на 1 января 2025 года - Оперативная информация - Главное управление МЧС России по Свердловской области,66,2024-12-31,14:00,unknown,2025-01-01,2025-01-01,False,False,dated_forecast,day,False,False,official_search_index_capture,partial_search_selected,data/external/mchs_archive_review/historic_66.json,4302449e3370844bf66bc06888f041f69d2d82cf1172c6c036081a17cd71e853
