method,release_lag_months,status,claim_territory_rows
cusum,0,event_before_forecast_evaluation_window,34
cusum,0,no_comparable_expense_series,154
cusum,0,no_eligible_h1_forecast_for_this_territory,2
cusum,0,right_censored_no_subsequent_alert,15
cusum,1,event_before_forecast_evaluation_window,34
cusum,1,no_comparable_expense_series,154
cusum,1,no_eligible_h1_forecast_for_this_territory,2
cusum,1,right_censored_no_subsequent_alert,15
cusum,2,event_before_forecast_evaluation_window,34
cusum,2,no_comparable_expense_series,154
cusum,2,no_eligible_h1_forecast_for_this_territory,2
cusum,2,right_censored_no_subsequent_alert,15
cusum_spike,0,event_before_forecast_evaluation_window,34
cusum_spike,0,no_comparable_expense_series,154
cusum_spike,0,no_eligible_h1_forecast_for_this_territory,2
cusum_spike,0,right_censored_no_subsequent_alert,15
cusum_spike,1,event_before_forecast_evaluation_window,34
cusum_spike,1,no_comparable_expense_series,154
cusum_spike,1,no_eligible_h1_forecast_for_this_territory,2
cusum_spike,1,right_censored_no_subsequent_alert,15
cusum_spike,2,event_before_forecast_evaluation_window,34
cusum_spike,2,no_comparable_expense_series,154
cusum_spike,2,no_eligible_h1_forecast_for_this_territory,2
cusum_spike,2,right_censored_no_subsequent_alert,15
ewma,0,event_before_forecast_evaluation_window,34
ewma,0,no_comparable_expense_series,154
ewma,0,no_eligible_h1_forecast_for_this_territory,2
ewma,0,right_censored_no_subsequent_alert,15
ewma,1,event_before_forecast_evaluation_window,34
ewma,1,no_comparable_expense_series,154
ewma,1,no_eligible_h1_forecast_for_this_territory,2
ewma,1,right_censored_no_subsequent_alert,15
ewma,2,event_before_forecast_evaluation_window,34
ewma,2,no_comparable_expense_series,154
ewma,2,no_eligible_h1_forecast_for_this_territory,2
ewma,2,right_censored_no_subsequent_alert,15
spike,0,event_before_forecast_evaluation_window,34
spike,0,no_comparable_expense_series,154
spike,0,no_eligible_h1_forecast_for_this_territory,2
spike,0,right_censored_no_subsequent_alert,15
spike,1,event_before_forecast_evaluation_window,34
spike,1,no_comparable_expense_series,154
spike,1,no_eligible_h1_forecast_for_this_territory,2
spike,1,right_censored_no_subsequent_alert,15
spike,2,event_before_forecast_evaluation_window,34
spike,2,no_comparable_expense_series,154
spike,2,no_eligible_h1_forecast_for_this_territory,2
spike,2,right_censored_no_subsequent_alert,15
