territory_id,region,target,phase,method,relative_yoy_log,centered_signal,score,threshold,active_alert,observed
780,25.0,2024-01,calibration,cusum,-0.06342265744341877,-0.018502375760686585,0.008502375760686584,0.0995828424241218,False,True
780,25.0,2024-02,calibration,cusum,-0.04492028168273218,0.0,0.0,0.0995828424241218,False,True
780,25.0,2024-03,calibration,cusum,-0.029036475104240247,0.015883806578491935,0.005883806578491935,0.0995828424241218,False,True
780,25.0,2024-04,monitoring,cusum,-0.02592156246308608,0.018998719219646104,0.014882525798138037,0.0995828424241218,False,True
780,25.0,2024-05,monitoring,cusum,-0.013094904804773877,0.031825376877958306,0.03670790267609634,0.0995828424241218,False,True
780,25.0,2024-06,monitoring,cusum,-0.010626848503512532,0.03429343317921965,0.06100133585531598,0.0995828424241218,False,True
780,25.0,2024-07,monitoring,cusum,0.03267933141151494,0.07759961309424712,0.1286009489495631,0.0995828424241218,True,True
780,25.0,2024-08,monitoring,cusum,0.05887534035351566,0.10379562203624784,0.22239657098581092,0.0995828424241218,True,True
780,25.0,2024-09,monitoring,cusum,0.05084276064076482,0.095763042323497,0.3081596133093079,0.0995828424241218,True,True
780,25.0,2024-10,monitoring,cusum,0.039368373942515134,0.08428865562524732,0.3824482689345552,0.0995828424241218,True,True
780,25.0,2024-11,monitoring,cusum,0.02562581724308627,0.07054609892581845,0.4429943678603736,0.0995828424241218,True,True
780,25.0,2024-12,monitoring,cusum,0.042705442874313077,0.08762572455704526,0.5206200924174189,0.0995828424241218,True,True
785,25.0,2024-01,calibration,cusum,0.08788589848171571,0.019691292277304595,0.009691292277304595,0.0995828424241218,False,True
785,25.0,2024-02,calibration,cusum,0.06819460620441112,0.0,0.0,0.0995828424241218,False,True
785,25.0,2024-03,calibration,cusum,0.058373646376189164,-0.009820959828221953,0.0,0.0995828424241218,False,True
785,25.0,2024-04,monitoring,cusum,0.01261268079135383,-0.05558192541305729,0.045581925413057285,0.0995828424241218,False,True
785,25.0,2024-05,monitoring,cusum,0.012044416124372875,-0.05615019008003824,0.09173211549309553,0.0995828424241218,False,True
785,25.0,2024-06,monitoring,cusum,0.020603969222350527,-0.04759063698206059,0.12932275247515612,0.0995828424241218,True,True
785,25.0,2024-07,monitoring,cusum,0.01374149259356025,-0.05445311361085087,0.17377586608600698,0.0995828424241218,True,True
785,25.0,2024-08,monitoring,cusum,0.024388403496448774,-0.043806202707962344,0.20758206879396932,0.0995828424241218,True,True
785,25.0,2024-09,monitoring,cusum,0.007693283704116705,-0.06050132250029441,0.2580833912942637,0.0995828424241218,True,True
785,25.0,2024-10,monitoring,cusum,0.002252237591937184,-0.06594236861247393,0.31402575990673764,0.0995828424241218,True,True
785,25.0,2024-11,monitoring,cusum,0.0038356245027897917,-0.06435898170162133,0.368384741608359,0.0995828424241218,True,True
785,25.0,2024-12,monitoring,cusum,0.00291492031274182,-0.0652796858916693,0.4236644275000283,0.0995828424241218,True,True
803,25.0,2024-01,calibration,cusum,-0.03464444601439123,0.0,0.0,0.0995828424241218,False,True
803,25.0,2024-02,calibration,cusum,-0.03839941034166937,-0.0037549643272781416,0.0,0.0995828424241218,False,True
803,25.0,2024-03,calibration,cusum,-0.02976994683439811,0.004874499179993115,0.0,0.0995828424241218,False,True
803,25.0,2024-04,monitoring,cusum,0.016635149930984194,0.05127959594537542,0.04127959594537542,0.0995828424241218,False,True
803,25.0,2024-05,monitoring,cusum,0.0362213895740387,0.07086583558842993,0.10214543153380536,0.0995828424241218,True,True
803,25.0,2024-06,monitoring,cusum,0.032869410561254975,0.06751385657564621,0.15965928810945157,0.0995828424241218,True,True
803,25.0,2024-07,monitoring,cusum,0.007188000210296641,0.04183244622468787,0.19149173433413944,0.0995828424241218,True,True
803,25.0,2024-08,monitoring,cusum,0.04550026917292785,0.08014471518731908,0.2616364495214585,0.0995828424241218,True,True
803,25.0,2024-09,monitoring,cusum,0.04364333184783603,0.07828777786222726,0.32992422738368576,0.0995828424241218,True,True
803,25.0,2024-10,monitoring,cusum,0.06423704149839812,0.09888148751278936,0.4188057148964751,0.0995828424241218,True,True
803,25.0,2024-11,monitoring,cusum,0.025434394295647728,0.060078840310038954,0.46888455520651406,0.0995828424241218,True,True
803,25.0,2024-12,monitoring,cusum,0.03349755632229187,0.0681420023366831,0.5270265575431972,0.0995828424241218,True,True
1333,45.0,2024-01,calibration,cusum,0.1271841758865645,0.010251401089813358,0.0002514010898133582,0.0995828424241218,False,True
1333,45.0,2024-02,calibration,cusum,0.11606327373494252,-0.0008695010618086224,0.0,0.0995828424241218,False,True
1333,45.0,2024-03,calibration,cusum,0.11693277479675114,0.0,0.0,0.0995828424241218,False,True
1333,45.0,2024-04,monitoring,cusum,0.0677417853374695,-0.049190989459281645,0.03919098945928164,0.0995828424241218,False,True
1333,45.0,2024-05,monitoring,cusum,0.05665060074091638,-0.06028217405583476,0.0894731635151164,0.0995828424241218,False,True
1333,45.0,2024-06,monitoring,cusum,0.0982392913809082,-0.01869348341584294,0.09816664693095935,0.0995828424241218,False,True
1333,45.0,2024-07,monitoring,cusum,0.08671634408056031,-0.03021643071619083,0.11838307764715018,0.0995828424241218,True,True
1333,45.0,2024-08,monitoring,cusum,0.0868393973088046,-0.030093377487946535,0.1384764551350967,0.0995828424241218,True,True
1333,45.0,2024-09,monitoring,cusum,0.044350611196840806,-0.07258216359991033,0.20105861873500702,0.0995828424241218,True,True
1333,45.0,2024-10,monitoring,cusum,0.039113940801469294,-0.07781883399528185,0.26887745273028885,0.0995828424241218,True,True
1333,45.0,2024-11,monitoring,cusum,0.052853555027679966,-0.06407921976907117,0.32295667249936,0.0995828424241218,True,True
1333,45.0,2024-12,monitoring,cusum,0.053370101809479514,-0.06356267298727163,0.37651934548663163,0.0995828424241218,True,True
1665,56.0,2024-01,calibration,cusum,0.09802658648523163,0.0059494560892096315,0.0,0.0995828424241218,False,True
1665,56.0,2024-02,calibration,cusum,0.092077130396022,0.0,0.0,0.0995828424241218,False,True
1665,56.0,2024-03,calibration,cusum,0.0844972808145407,-0.007579849581481293,0.0,0.0995828424241218,False,True
1665,56.0,2024-04,monitoring,cusum,0.013872903393440744,-0.07820422700258126,0.06820422700258126,0.0995828424241218,False,True
1665,56.0,2024-05,monitoring,cusum,0.025582736390247357,-0.06649439400577464,0.1246986210083559,0.0995828424241218,True,True
1665,56.0,2024-06,monitoring,cusum,0.05142130164916478,-0.04065582874685722,0.15535444975521312,0.0995828424241218,True,True
1665,56.0,2024-07,monitoring,cusum,0.04510128039047906,-0.04697585000554294,0.19233029976075605,0.0995828424241218,True,True
1665,56.0,2024-08,monitoring,cusum,0.027151191954178644,-0.06492593844184336,0.2472562382025994,0.0995828424241218,True,True
1665,56.0,2024-09,monitoring,cusum,0.02205757381346385,-0.07001955658255815,0.30727579478515754,0.0995828424241218,True,True
1665,56.0,2024-10,monitoring,cusum,0.008596835964711363,-0.08348029443131064,0.3807560892164682,0.0995828424241218,True,True
1665,56.0,2024-11,monitoring,cusum,0.02975225459586034,-0.06232487580016166,0.43308096501662985,0.0995828424241218,True,True
1665,56.0,2024-12,monitoring,cusum,0.04688326047608979,-0.04519386991993221,0.4682748349365621,0.0995828424241218,True,True
1673,56.0,2024-01,calibration,cusum,0.12063826822318657,0.011661849497269505,0.001661849497269505,0.0995828424241218,False,True
1673,56.0,2024-02,calibration,cusum,0.10897641872591707,0.0,0.0,0.0995828424241218,False,True
1673,56.0,2024-03,calibration,cusum,0.09972735082288732,-0.009249067903029748,0.0,0.0995828424241218,False,True
1673,56.0,2024-04,monitoring,cusum,0.039295833689009324,-0.06968058503690774,0.05968058503690774,0.0995828424241218,False,True
1673,56.0,2024-05,monitoring,cusum,0.09956088041006447,-0.009415538315852595,0.05909612335276033,0.0995828424241218,False,True
1673,56.0,2024-06,monitoring,cusum,0.1003602839390968,-0.008616134786820273,0.05771225813958059,0.0995828424241218,False,True
1673,56.0,2024-07,monitoring,cusum,0.09504254461129591,-0.013933874114621159,0.06164613225420174,0.0995828424241218,False,True
1673,56.0,2024-08,monitoring,cusum,0.0633022330440551,-0.04567418568186196,0.0973203179360637,0.0995828424241218,False,True
1673,56.0,2024-09,monitoring,cusum,0.05788638827359113,-0.051090030452325935,0.13841034838838961,0.0995828424241218,True,True
1673,56.0,2024-10,monitoring,cusum,0.05846159833482259,-0.05051482039109448,0.17892516877948408,0.0995828424241218,True,True
1673,56.0,2024-11,monitoring,cusum,0.05945795450334204,-0.049518464222575026,0.2184436330020591,0.0995828424241218,True,True
1673,56.0,2024-12,monitoring,cusum,0.06740869722784013,-0.04156772149807694,0.250011354500136,0.0995828424241218,True,True
1687,56.0,2024-01,calibration,cusum,-0.022981228091067098,0.0,0.0,0.0995828424241218,False,True
1687,56.0,2024-02,calibration,cusum,-0.031148220775807818,-0.00816699268474072,0.0,0.0995828424241218,False,True
1687,56.0,2024-03,calibration,cusum,-0.0015006673249562258,0.021480560766110872,0.011480560766110872,0.0995828424241218,False,True
1687,56.0,2024-04,monitoring,cusum,-0.04621055753338779,-0.023229329442320694,0.013229329442320694,0.0995828424241218,False,True
1687,56.0,2024-05,monitoring,cusum,0.0033881304017167324,0.02636935849278383,0.016369358492783828,0.0995828424241218,False,True
1687,56.0,2024-06,monitoring,cusum,-0.015507601961826628,0.00747362612924047,0.013842984622024298,0.0995828424241218,False,True
1687,56.0,2024-07,monitoring,cusum,-0.015313357343997663,0.007667870747069434,0.01151085536909373,0.0995828424241218,False,True
1687,56.0,2024-08,monitoring,cusum,-0.06759393488372538,-0.04461270679265828,0.03461270679265828,0.0995828424241218,False,True
1687,56.0,2024-09,monitoring,cusum,-0.05655668004471687,-0.03357545195364977,0.05818815874630804,0.0995828424241218,False,True
1687,56.0,2024-10,monitoring,cusum,-0.03680333291401468,-0.01382210482294758,0.06201026356925562,0.0995828424241218,False,True
1687,56.0,2024-11,monitoring,cusum,-0.026222970748686264,-0.0032417426576191663,0.05525200622687478,0.0995828424241218,False,True
1687,56.0,2024-12,monitoring,cusum,-0.08498348240233064,-0.06200225431126354,0.10725426053813833,0.0995828424241218,True,True
2195,72.0,2024-01,calibration,cusum,0.027185315422059347,0.02776123138026823,0.01776123138026823,0.0995828424241218,False,True
2195,72.0,2024-02,calibration,cusum,-0.0005759159582088835,0.0,0.007761231380268229,0.0995828424241218,False,True
2195,72.0,2024-03,calibration,cusum,-0.009529508018720129,-0.008953592060511245,0.0,0.0995828424241218,False,True
2195,72.0,2024-04,monitoring,cusum,-0.05893281480952048,-0.058356898851311595,0.04835689885131159,0.0995828424241218,False,True
2195,72.0,2024-05,monitoring,cusum,-0.004664081731848985,-0.004088165773640101,0.04244506462495169,0.0995828424241218,False,True
2195,72.0,2024-06,monitoring,cusum,2.8833828367186287e-05,0.0006047497865760698,0.03184031483837562,0.0995828424241218,False,True
2195,72.0,2024-07,monitoring,cusum,0.024674791922011455,0.02525070788022034,0.015250707880220338,0.0995828424241218,False,True
2195,72.0,2024-08,monitoring,cusum,0.04811841476437667,0.048694330722585555,0.053945038602805896,0.0995828424241218,False,True
2195,72.0,2024-09,monitoring,cusum,0.09090275984958589,0.09147867580779477,0.13542371441060067,0.0995828424241218,True,True
2195,72.0,2024-10,monitoring,cusum,-0.010888550260892804,-0.01031263430268392,0.11511108010791675,0.0995828424241218,True,True
2195,72.0,2024-11,monitoring,cusum,-0.02860950394091337,-0.028033587982704486,0.07707749212521227,0.0995828424241218,False,True
2195,72.0,2024-12,monitoring,cusum,-0.01617662294390057,-0.015600706985691687,0.05147678513952058,0.0995828424241218,False,True
2593,77.0,2024-01,calibration,cusum,-0.3198119802867198,-0.005807386204769005,0.0,0.0995828424241218,False,True
2593,77.0,2024-02,calibration,cusum,-0.21706800750262373,0.09693658657932708,0.08693658657932708,0.0995828424241218,False,True
2593,77.0,2024-03,calibration,cusum,-0.3140045940819508,0.0,0.07693658657932709,0.0995828424241218,False,True
2593,77.0,2024-04,monitoring,cusum,-0.08359027744262633,0.2304143166393245,0.29735090321865154,0.0995828424241218,True,True
2593,77.0,2024-05,monitoring,cusum,0.021449743690468426,0.33545433777241923,0.6228052409910707,0.0995828424241218,True,True
2593,77.0,2024-06,monitoring,cusum,0.18913120923438065,0.5031358033163315,1.1159410443074023,0.0995828424241218,True,True
2593,77.0,2024-07,monitoring,cusum,0.2413386336529602,0.5553432277349111,1.6612842720423133,0.0995828424241218,True,True
2593,77.0,2024-08,monitoring,cusum,0.22340217660225078,0.5374067706842016,2.188691042726515,0.0995828424241218,True,True
2593,77.0,2024-09,monitoring,cusum,0.14310018019078563,0.45710477427273644,2.6357958169992517,0.0995828424241218,True,True
2593,77.0,2024-10,monitoring,cusum,0.18817703030772068,0.5021816243896715,3.127977441388923,0.0995828424241218,True,True
2593,77.0,2024-11,monitoring,cusum,0.2556360848070682,0.5696406788890189,3.6876181202779423,0.0995828424241218,True,True
2593,77.0,2024-12,monitoring,cusum,0.30817210277313134,0.6221766968550821,4.299794817133025,0.0995828424241218,True,True
2595,77.0,2024-01,calibration,cusum,-0.2522764978240845,-0.0858365618040183,0.07583656180401831,0.0995828424241218,False,True
2595,77.0,2024-02,calibration,cusum,-0.16184679000189828,0.004593146018167932,0.06124341578585037,0.0995828424241218,False,True
2595,77.0,2024-03,calibration,cusum,-0.1664399360200662,0.0,0.05124341578585037,0.0995828424241218,False,True
2595,77.0,2024-04,monitoring,cusum,-0.07994938388803366,0.08649055213203255,0.07649055213203255,0.0995828424241218,False,True
2595,77.0,2024-05,monitoring,cusum,0.018759016178031246,0.18519895219809746,0.25168950433013,0.0995828424241218,True,True
2595,77.0,2024-06,monitoring,cusum,0.09502291776555832,0.2614628537856245,0.5031523581157544,0.0995828424241218,True,True
2595,77.0,2024-07,monitoring,cusum,0.1417480087796535,0.30818794479971967,0.8013403029154741,0.0995828424241218,True,True
2595,77.0,2024-08,monitoring,cusum,0.20644209153049073,0.37288202755055694,1.164222330466031,0.0995828424241218,True,True
2595,77.0,2024-09,monitoring,cusum,0.24884270069306447,0.4152826367131307,1.5695049671791617,0.0995828424241218,True,True
2595,77.0,2024-10,monitoring,cusum,0.17814774156199562,0.3445876775820618,1.9040926447612234,0.0995828424241218,True,True
2595,77.0,2024-11,monitoring,cusum,0.1985812025722194,0.3650211385922856,2.2591137833535093,0.0995828424241218,True,True
2595,77.0,2024-12,monitoring,cusum,0.22190329720291443,0.38834323322298064,2.6374570165764903,0.0995828424241218,True,True
780,25.0,2024-01,calibration,ewma,-0.06342265744341877,-0.018502375760686585,0.008326069092308963,0.04068406954890787,False,True
780,25.0,2024-02,calibration,ewma,-0.04492028168273218,0.0,0.00457933800076993,0.04068406954890787,False,True
780,25.0,2024-03,calibration,ewma,-0.029036475104240247,0.015883806578491935,0.004629077059897909,0.04068406954890787,False,True
780,25.0,2024-04,monitoring,ewma,-0.02592156246308608,0.018998719219646104,0.011095416031784598,0.04068406954890787,False,True
780,25.0,2024-05,monitoring,ewma,-0.013094904804773877,0.031825376877958306,0.020423898412562768,0.04068406954890787,False,True
780,25.0,2024-06,monitoring,ewma,-0.010626848503512532,0.03429343317921965,0.026665189057558367,0.04068406954890787,False,True
780,25.0,2024-07,monitoring,ewma,0.03267933141151494,0.07759961309424712,0.04958567987406831,0.04068406954890787,True,True
780,25.0,2024-08,monitoring,ewma,0.05887534035351566,0.10379562203624784,0.0739801538470491,0.04068406954890787,True,True
780,25.0,2024-09,monitoring,ewma,0.05084276064076482,0.095763042323497,0.08378245366145065,0.04068406954890787,True,True
780,25.0,2024-10,monitoring,ewma,0.039368373942515134,0.08428865562524732,0.08401024454515915,0.04068406954890787,True,True
780,25.0,2024-11,monitoring,ewma,0.02562581724308627,0.07054609892581845,0.07795137901645584,0.04068406954890787,True,True
780,25.0,2024-12,monitoring,ewma,0.042705442874313077,0.08762572455704526,0.08230483450972108,0.04068406954890787,True,True
785,25.0,2024-01,calibration,ewma,0.08788589848171571,0.019691292277304595,0.008861081524787068,0.04068406954890787,False,True
785,25.0,2024-02,calibration,ewma,0.06819460620441112,0.0,0.004873594838632887,0.04068406954890787,False,True
785,25.0,2024-03,calibration,ewma,0.058373646376189164,-0.009820959828221953,0.0017389547614517905,0.04068406954890787,False,True
785,25.0,2024-04,monitoring,ewma,0.01261268079135383,-0.05558192541305729,0.025968291554674266,0.04068406954890787,False,True
785,25.0,2024-05,monitoring,ewma,0.012044416124372875,-0.05615019008003824,0.03955014589108806,0.04068406954890787,False,True
785,25.0,2024-06,monitoring,ewma,0.020603969222350527,-0.04759063698206059,0.0431683668820257,0.04068406954890787,True,True
785,25.0,2024-07,monitoring,ewma,0.01374149259356025,-0.05445311361085087,0.04824650290999703,0.04068406954890787,True,True
785,25.0,2024-08,monitoring,ewma,0.024388403496448774,-0.043806202707962344,0.046248367819081426,0.04068406954890787,True,True
785,25.0,2024-09,monitoring,ewma,0.007693283704116705,-0.06050132250029441,0.05266219742562728,0.04068406954890787,True,True
785,25.0,2024-10,monitoring,ewma,0.002252237591937184,-0.06594236861247393,0.058638274459708276,0.04068406954890787,True,True
785,25.0,2024-11,monitoring,ewma,0.0038356245027897917,-0.06435898170162133,0.06121259271856915,0.04068406954890787,True,True
785,25.0,2024-12,monitoring,ewma,0.00291492031274182,-0.0652796858916693,0.06304278464646422,0.04068406954890787,True,True
803,25.0,2024-01,calibration,ewma,-0.03464444601439123,0.0,0.0,0.04068406954890787,False,True
803,25.0,2024-02,calibration,ewma,-0.03839941034166937,-0.0037549643272781416,0.0016897339472751638,0.04068406954890787,False,True
803,25.0,2024-03,calibration,ewma,-0.02976994683439811,0.004874499179993115,0.0012641709599955618,0.04068406954890787,False,True
803,25.0,2024-04,monitoring,ewma,0.016635149930984194,0.05127959594537542,0.0237711122034165,0.04068406954890787,False,True
803,25.0,2024-05,monitoring,ewma,0.0362213895740387,0.07086583558842993,0.044963737726672545,0.04068406954890787,True,True
803,25.0,2024-06,monitoring,ewma,0.032869410561254975,0.06751385657564621,0.055111291208710694,0.04068406954890787,True,True
803,25.0,2024-07,monitoring,ewma,0.007188000210296641,0.04183244622468787,0.049135810965900424,0.04068406954890787,True,True
803,25.0,2024-08,monitoring,ewma,0.04550026917292785,0.08014471518731908,0.06308981786553883,0.04068406954890787,True,True
803,25.0,2024-09,monitoring,ewma,0.04364333184783603,0.07828777786222726,0.06992889986404863,0.04068406954890787,True,True
803,25.0,2024-10,monitoring,ewma,0.06423704149839812,0.09888148751278936,0.08295756430598196,0.04068406954890787,True,True
803,25.0,2024-11,monitoring,ewma,0.025434394295647728,0.060078840310038954,0.07266213850780762,0.04068406954890787,True,True
803,25.0,2024-12,monitoring,ewma,0.03349755632229187,0.0681420023366831,0.0706280772308016,0.04068406954890787,True,True
1333,45.0,2024-01,calibration,ewma,0.1271841758865645,0.010251401089813358,0.004613130490416012,0.04068406954890787,False,True
1333,45.0,2024-02,calibration,ewma,0.11606327373494252,-0.0008695010618086224,0.0021459462919149264,0.04068406954890787,False,True
1333,45.0,2024-03,calibration,ewma,0.11693277479675114,0.0,0.0011802704605532097,0.04068406954890787,False,True
1333,45.0,2024-04,monitoring,ewma,0.0677417853374695,-0.049190989459281645,0.021486796503372475,0.04068406954890787,False,True
1333,45.0,2024-05,monitoring,ewma,0.05665060074091638,-0.06028217405583476,0.03894471640198051,0.04068406954890787,False,True
1333,45.0,2024-06,monitoring,ewma,0.0982392913809082,-0.01869348341584294,0.029831661558218606,0.04068406954890787,False,True
1333,45.0,2024-07,monitoring,ewma,0.08671634408056031,-0.03021643071619083,0.03000480767930611,0.04068406954890787,False,True
1333,45.0,2024-08,monitoring,ewma,0.0868393973088046,-0.030093377487946535,0.0300446640931943,0.04068406954890787,False,True
1333,45.0,2024-09,monitoring,ewma,0.044350611196840806,-0.07258216359991033,0.04918653887121652,0.04068406954890787,True,True
1333,45.0,2024-10,monitoring,ewma,0.039113940801469294,-0.07781883399528185,0.062071071677045925,0.04068406954890787,True,True
1333,45.0,2024-11,monitoring,ewma,0.052853555027679966,-0.06407921976907117,0.06297473831845729,0.04068406954890787,True,True
1333,45.0,2024-12,monitoring,ewma,0.053370101809479514,-0.06356267298727163,0.06323930891942374,0.04068406954890787,True,True
1665,56.0,2024-01,calibration,ewma,0.09802658648523163,0.0059494560892096315,0.0026772552401443345,0.04068406954890787,False,True
1665,56.0,2024-02,calibration,ewma,0.092077130396022,0.0,0.001472490382079384,0.04068406954890787,False,True
1665,56.0,2024-03,calibration,ewma,0.0844972808145407,-0.007579849581481293,0.002601062601522921,0.04068406954890787,False,True
1665,56.0,2024-04,monitoring,ewma,0.013872903393440744,-0.07820422700258126,0.036622486581999174,0.04068406954890787,False,True
1665,56.0,2024-05,monitoring,ewma,0.025582736390247357,-0.06649439400577464,0.05006484492269814,0.04068406954890787,True,True
1665,56.0,2024-06,monitoring,ewma,0.05142130164916478,-0.04065582874685722,0.04583078764356973,0.04068406954890787,True,True
1665,56.0,2024-07,monitoring,ewma,0.04510128039047906,-0.04697585000554294,0.046346065706457676,0.04068406954890787,True,True
1665,56.0,2024-08,monitoring,ewma,0.027151191954178644,-0.06492593844184336,0.05470700843738124,0.04068406954890787,True,True
1665,56.0,2024-09,monitoring,ewma,0.02205757381346385,-0.07001955658255815,0.061597655102710855,0.04068406954890787,True,True
1665,56.0,2024-10,monitoring,ewma,0.008596835964711363,-0.08348029443131064,0.07144484280058075,0.04068406954890787,True,True
1665,56.0,2024-11,monitoring,ewma,0.02975225459586034,-0.06232487580016166,0.06734085765039216,0.04068406954890787,True,True
1665,56.0,2024-12,monitoring,ewma,0.04688326047608979,-0.04519386991993221,0.05737471317168519,0.04068406954890787,True,True
1673,56.0,2024-01,calibration,ewma,0.12063826822318657,0.011661849497269505,0.005247832273771277,0.04068406954890787,False,True
1673,56.0,2024-02,calibration,ewma,0.10897641872591707,0.0,0.002886307750574203,0.04068406954890787,False,True
1673,56.0,2024-03,calibration,ewma,0.09972735082288732,-0.009249067903029748,0.0025746112935475752,0.04068406954890787,False,True
1673,56.0,2024-04,monitoring,ewma,0.039295833689009324,-0.06968058503690774,0.03277229947805965,0.04068406954890787,False,True
1673,56.0,2024-05,monitoring,ewma,0.09956088041006447,-0.009415538315852595,0.022261756955066478,0.04068406954890787,False,True
1673,56.0,2024-06,monitoring,ewma,0.1003602839390968,-0.008616134786820273,0.016121226979355686,0.04068406954890787,False,True
1673,56.0,2024-07,monitoring,ewma,0.09504254461129591,-0.013933874114621159,0.01513691819022515,0.04068406954890787,False,True
1673,56.0,2024-08,monitoring,ewma,0.0633022330440551,-0.04567418568186196,0.028878688561461717,0.04068406954890787,False,True
1673,56.0,2024-09,monitoring,ewma,0.05788638827359113,-0.051090030452325935,0.038873792412350616,0.04068406954890787,False,True
1673,56.0,2024-10,monitoring,ewma,0.05846159833482259,-0.05051482039109448,0.04411225500278536,0.04068406954890787,True,True
1673,56.0,2024-11,monitoring,ewma,0.05945795450334204,-0.049518464222575026,0.04654504915169071,0.04068406954890787,True,True
1673,56.0,2024-12,monitoring,ewma,0.06740869722784013,-0.04156772149807694,0.04430525170756452,0.04068406954890787,True,True
1687,56.0,2024-01,calibration,ewma,-0.022981228091067098,0.0,0.0,0.04068406954890787,False,True
1687,56.0,2024-02,calibration,ewma,-0.031148220775807818,-0.00816699268474072,0.0036751467081333243,0.04068406954890787,False,True
1687,56.0,2024-03,calibration,ewma,-0.0015006673249562258,0.021480560766110872,0.007644921655276563,0.04068406954890787,False,True
1687,56.0,2024-04,monitoring,ewma,-0.04621055753338779,-0.023229329442320694,0.006248491338642204,0.04068406954890787,False,True
1687,56.0,2024-05,monitoring,ewma,0.0033881304017167324,0.02636935849278383,0.00842954108549951,0.04068406954890787,False,True
1687,56.0,2024-06,monitoring,ewma,-0.015507601961826628,0.00747362612924047,0.007999379355182943,0.04068406954890787,False,True
1687,56.0,2024-07,monitoring,ewma,-0.015313357343997663,0.007667870747069434,0.007850200481531865,0.04068406954890787,False,True
1687,56.0,2024-08,monitoring,ewma,-0.06759393488372538,-0.04461270679265828,0.0157581077918537,0.04068406954890787,False,True
1687,56.0,2024-09,monitoring,ewma,-0.05655668004471687,-0.03357545195364977,0.023775912664661933,0.04068406954890787,False,True
1687,56.0,2024-10,monitoring,ewma,-0.03680333291401468,-0.01382210482294758,0.019296699135890473,0.04068406954890787,False,True
1687,56.0,2024-11,monitoring,ewma,-0.026222970748686264,-0.0032417426576191663,0.012071968720668387,0.04068406954890787,False,True
1687,56.0,2024-12,monitoring,ewma,-0.08498348240233064,-0.06200225431126354,0.03454059723643621,0.04068406954890787,False,True
2195,72.0,2024-01,calibration,ewma,0.027185315422059347,0.02776123138026823,0.012492554121120705,0.04068406954890787,False,True
2195,72.0,2024-02,calibration,ewma,-0.0005759159582088835,0.0,0.006870904766616388,0.04068406954890787,False,True
2195,72.0,2024-03,calibration,ewma,-0.009529508018720129,-0.008953592060511245,0.0002501188055910467,0.04068406954890787,False,True
2195,72.0,2024-04,monitoring,ewma,-0.05893281480952048,-0.058356898851311595,0.02639816982616529,0.04068406954890787,False,True
2195,72.0,2024-05,monitoring,ewma,-0.004664081731848985,-0.004088165773640101,0.016358668002528956,0.04068406954890787,False,True
2195,72.0,2024-06,monitoring,ewma,2.8833828367186287e-05,0.0006047497865760698,0.008725129997431696,0.04068406954890787,False,True
2195,72.0,2024-07,monitoring,ewma,0.024674791922011455,0.02525070788022034,0.006563997047511719,0.04068406954890787,False,True
2195,72.0,2024-08,monitoring,ewma,0.04811841476437667,0.048694330722585555,0.02552264720129495,0.04068406954890787,False,True
2195,72.0,2024-09,monitoring,ewma,0.09090275984958589,0.09147867580779477,0.05520286007421987,0.04068406954890787,True,True
2195,72.0,2024-10,monitoring,ewma,-0.010888550260892804,-0.01031263430268392,0.02572088760461317,0.04068406954890787,False,True
2195,72.0,2024-11,monitoring,ewma,-0.02860950394091337,-0.028033587982704486,0.0015313735903202258,0.04068406954890787,False,True
2195,72.0,2024-12,monitoring,ewma,-0.01617662294390057,-0.015600706985691687,0.0061780626688851354,0.04068406954890787,False,True
2593,77.0,2024-01,calibration,ewma,-0.3198119802867198,-0.005807386204769005,0.002613323792146052,0.04068406954890787,False,True
2593,77.0,2024-02,calibration,ewma,-0.21706800750262373,0.09693658657932708,0.04218413587501686,0.04068406954890787,True,True
2593,77.0,2024-03,calibration,ewma,-0.3140045940819508,0.0,0.023201274731259276,0.04068406954890787,False,True
2593,77.0,2024-04,monitoring,ewma,-0.08359027744262633,0.2304143166393245,0.11644714358988863,0.04068406954890787,True,True
2593,77.0,2024-05,monitoring,ewma,0.021449743690468426,0.33545433777241923,0.21500038097202742,0.04068406954890787,True,True
2593,77.0,2024-06,monitoring,ewma,0.18913120923438065,0.5031358033163315,0.34466132102696423,0.04068406954890787,True,True
2593,77.0,2024-07,monitoring,ewma,0.2413386336529602,0.5553432277349111,0.43946817904554036,0.04068406954890787,True,True
2593,77.0,2024-08,monitoring,ewma,0.22340217660225078,0.5374067706842016,0.48354054528293794,0.04068406954890787,True,True
2593,77.0,2024-09,monitoring,ewma,0.14310018019078563,0.45710477427273644,0.4716444483283473,0.04068406954890787,True,True
2593,77.0,2024-10,monitoring,ewma,0.18817703030772068,0.5021816243896715,0.4853861775559432,0.04068406954890787,True,True
2593,77.0,2024-11,monitoring,ewma,0.2556360848070682,0.5696406788890189,0.5233007031558273,0.04068406954890787,True,True
2593,77.0,2024-12,monitoring,ewma,0.30817210277313134,0.6221766968550821,0.5677949003204921,0.04068406954890787,True,True
2595,77.0,2024-01,calibration,ewma,-0.2522764978240845,-0.0858365618040183,0.03862645281180824,0.04068406954890787,False,True
2595,77.0,2024-02,calibration,ewma,-0.16184679000189828,0.004593146018167932,0.019177633338318963,0.04068406954890787,False,True
2595,77.0,2024-03,calibration,ewma,-0.1664399360200662,0.0,0.01054769833607543,0.04068406954890787,False,True
2595,77.0,2024-04,monitoring,ewma,-0.07994938388803366,0.08649055213203255,0.03311951437457316,0.04068406954890787,False,True
2595,77.0,2024-05,monitoring,ewma,0.018759016178031246,0.18519895219809746,0.10155526139515911,0.04068406954890787,True,True
2595,77.0,2024-06,monitoring,ewma,0.09502291776555832,0.2614628537856245,0.17351367797086853,0.04068406954890787,True,True
2595,77.0,2024-07,monitoring,ewma,0.1417480087796535,0.30818794479971967,0.23411709804385156,0.04068406954890787,True,True
2595,77.0,2024-08,monitoring,ewma,0.20644209153049073,0.37288202755055694,0.296561316321869,0.04068406954890787,True,True
2595,77.0,2024-09,monitoring,ewma,0.24884270069306447,0.4152826367131307,0.3499859104979368,0.04068406954890787,True,True
2595,77.0,2024-10,monitoring,ewma,0.17814774156199562,0.3445876775820618,0.3475567056857931,0.04068406954890787,True,True
2595,77.0,2024-11,monitoring,ewma,0.1985812025722194,0.3650211385922856,0.35541570049371474,0.04068406954890787,True,True
2595,77.0,2024-12,monitoring,ewma,0.22190329720291443,0.38834323322298064,0.37023309022188444,0.04068406954890787,True,True
