split,method,shape,series_n,mo_months,true_events,tp,fp,fn,precision,recall,f1,unmatched_predictions_per100_mo_month,null_false_alarms_per100_mo_month,mean_signed_localization_error_months,mean_absolute_localization_error_months,mean_detection_delay_months,mean_report_availability_delay_months,onset_precision,onset_recall,onset_f1,mean_onset_delay_months
calibration,bocpd,no_change,400,4800,0,0,4,0,0.0,,0.0,0.08333333333333333,0.08333333333333333,,,,,0.0,,0.0,
calibration,cusum,no_change,400,4800,0,0,6,0,0.0,,0.0,0.125,0.125,,,,,0.0,,0.0,
calibration,cusum_spike,no_change,400,4800,0,0,5,0,0.0,,0.0,0.10416666666666667,0.10416666666666667,,,,,0.0,,0.0,
calibration,ewma,no_change,400,4800,0,0,4,0,0.0,,0.0,0.08333333333333333,0.08333333333333333,,,,,0.0,,0.0,
calibration,kernelcpd,no_change,400,4800,0,0,0,0,,,,0.0,0.0,,,,,,,,
calibration,pelt,no_change,400,4800,0,0,6,0,0.0,,0.0,0.125,0.125,,,,,0.0,,0.0,
calibration,rolling_3m,no_change,400,4800,0,0,4,0,0.0,,0.0,0.08333333333333333,0.08333333333333333,,,,,0.0,,0.0,
calibration,spike,no_change,400,4800,0,0,4,0,0.0,,0.0,0.08333333333333333,0.08333333333333333,,,,,0.0,,0.0,
evaluation,bocpd,no_change,360,4320,0,0,4,0,0.0,,0.0,0.09259259259259259,0.09259259259259259,,,,,0.0,,0.0,
evaluation,bocpd,pulse,360,4320,720,22,1,698,0.9565217391304348,0.030555555555555555,0.059219380888290714,0.023148148148148147,,0.045454545454545456,0.045454545454545456,0.045454545454545456,1.0454545454545454,0.9565217391304348,0.06111111111111111,0.11488250652741515,0.045454545454545456
evaluation,bocpd,step,360,4320,360,13,0,347,1.0,0.03611111111111111,0.06970509383378017,0.0,,0.0,0.0,0.0,1.0,1.0,0.03611111111111111,0.06970509383378017,0.0
evaluation,cusum,no_change,360,4320,0,0,3,0,0.0,,0.0,0.06944444444444445,0.06944444444444445,,,,,0.0,,0.0,
evaluation,cusum,pulse,360,4320,720,241,29,479,0.8925925925925926,0.3347222222222222,0.4868686868686869,0.6712962962962963,,0.5435684647302904,0.8091286307053942,0.6763485477178424,1.5435684647302905,0.8716814159292036,0.5472222222222223,0.6723549488054608,0.8020304568527918
evaluation,cusum,step,360,4320,360,191,150,169,0.5601173020527859,0.5305555555555556,0.5449358059914408,3.4722222222222223,,0.7329842931937173,0.7329842931937173,0.7329842931937173,1.7329842931937174,0.5601173020527859,0.5305555555555556,0.5449358059914408,0.7329842931937173
evaluation,cusum_spike,no_change,360,4320,0,0,4,0,0.0,,0.0,0.09259259259259259,0.09259259259259259,,,,,0.0,,0.0,
evaluation,cusum_spike,pulse,360,4320,720,240,30,480,0.8888888888888888,0.3333333333333333,0.48484848484848486,0.6944444444444444,,0.21666666666666667,0.48333333333333334,0.35,1.2166666666666666,0.8695652173913043,0.5555555555555556,0.6779661016949152,0.4
evaluation,cusum_spike,step,360,4320,360,188,155,172,0.5481049562682215,0.5222222222222223,0.534850640113798,3.587962962962963,,0.35106382978723405,0.35106382978723405,0.35106382978723405,1.351063829787234,0.5481049562682215,0.5222222222222223,0.534850640113798,0.35106382978723405
evaluation,ewma,no_change,360,4320,0,0,2,0,0.0,,0.0,0.046296296296296294,0.046296296296296294,,,,,0.0,,0.0,
evaluation,ewma,pulse,360,4320,720,243,10,477,0.9604743083003953,0.3375,0.499486125385406,0.23148148148148148,,0.37448559670781895,0.5967078189300411,0.48559670781893005,1.374485596707819,0.9553571428571429,0.5944444444444444,0.7328767123287672,0.5467289719626168
evaluation,ewma,step,360,4320,360,206,146,154,0.5852272727272727,0.5722222222222222,0.5786516853932584,3.3796296296296298,,0.5339805825242718,0.5436893203883495,0.5388349514563107,1.5339805825242718,0.5852272727272727,0.5722222222222222,0.5786516853932584,0.5388349514563107
evaluation,kernelcpd,no_change,360,4320,0,0,1,0,0.0,,0.0,0.023148148148148147,0.023148148148148147,,,,,0.0,,0.0,
evaluation,kernelcpd,pulse,360,4320,720,2,1,718,0.6666666666666666,0.002777777777777778,0.005532503457814661,0.023148148148148147,,0.0,0.0,,6.5,0.0,0.0,0.0,
evaluation,kernelcpd,step,360,4320,360,75,1,285,0.9868421052631579,0.20833333333333334,0.3440366972477064,0.023148148148148147,,0.02666666666666667,0.13333333333333333,,6.906666666666666,0.9868421052631579,0.20833333333333334,0.3440366972477064,
evaluation,pelt,no_change,360,4320,0,0,6,0,0.0,,0.0,0.1388888888888889,0.1388888888888889,,,,,0.0,,0.0,
evaluation,pelt,pulse,360,4320,720,341,8,379,0.9770773638968482,0.4736111111111111,0.6379794200187091,0.18518518518518517,,-0.008797653958944282,0.07331378299120235,,6.480938416422287,0.9550561797752809,0.4722222222222222,0.6319702602230484,
evaluation,pelt,step,360,4320,360,248,6,112,0.9763779527559056,0.6888888888888889,0.8078175895765473,0.1388888888888889,,0.020161290322580645,0.06048387096774194,,7.858870967741935,0.9763779527559056,0.6888888888888889,0.8078175895765473,
evaluation,rolling_3m,no_change,360,4320,0,0,3,0,0.0,,0.0,0.06944444444444445,0.06944444444444445,,,,,0.0,,0.0,
evaluation,rolling_3m,pulse,360,4320,720,160,40,560,0.8,0.2222222222222222,0.34782608695652173,0.9259259259259259,,0.25625,0.91875,0.5875,1.25625,0.7058823529411765,0.26666666666666666,0.3870967741935484,0.9791666666666666
evaluation,rolling_3m,step,360,4320,360,102,189,258,0.35051546391752575,0.2833333333333333,0.31336405529953915,4.375,,1.0,1.0,1.0,2.0,0.35051546391752575,0.2833333333333333,0.31336405529953915,1.0
evaluation,spike,no_change,360,4320,0,0,3,0,0.0,,0.0,0.06944444444444445,0.06944444444444445,,,,,0.0,,0.0,
evaluation,spike,pulse,360,4320,720,212,14,508,0.9380530973451328,0.29444444444444445,0.44820295983086683,0.32407407407407407,,0.08018867924528301,0.3632075471698113,0.22169811320754718,1.080188679245283,0.9285714285714286,0.5055555555555555,0.6546762589928058,0.25824175824175827
evaluation,spike,step,360,4320,360,175,265,185,0.3977272727272727,0.4861111111111111,0.4375,6.1342592592592595,,0.25142857142857145,0.26285714285714284,0.2571428571428571,1.2514285714285713,0.3977272727272727,0.4861111111111111,0.4375,0.2571428571428571
selection,bocpd,no_change,120,1440,0,0,2,0,0.0,,0.0,0.1388888888888889,0.1388888888888889,,,,,0.0,,0.0,
selection,bocpd,pulse,120,1440,240,10,0,230,1.0,0.041666666666666664,0.08,0.0,,0.0,0.0,0.0,1.0,1.0,0.08333333333333333,0.15384615384615385,0.0
selection,bocpd,step,120,1440,120,11,0,109,1.0,0.09166666666666666,0.16793893129770993,0.0,,-0.09090909090909091,0.09090909090909091,0.0,0.9090909090909091,1.0,0.09166666666666666,0.16793893129770993,0.0
selection,cusum,no_change,120,1440,0,0,2,0,0.0,,0.0,0.1388888888888889,0.1388888888888889,,,,,0.0,,0.0,
selection,cusum,pulse,120,1440,240,77,11,163,0.875,0.32083333333333336,0.4695121951219512,0.7638888888888888,,0.44155844155844154,0.7012987012987013,0.5714285714285714,1.4415584415584415,0.8513513513513513,0.525,0.6494845360824743,0.6825396825396826
selection,cusum,step,120,1440,120,67,49,53,0.5775862068965517,0.5583333333333333,0.5677966101694916,3.4027777777777777,,0.835820895522388,0.835820895522388,0.835820895522388,1.835820895522388,0.5775862068965517,0.5583333333333333,0.5677966101694916,0.835820895522388
selection,cusum_spike,no_change,120,1440,0,0,2,0,0.0,,0.0,0.1388888888888889,0.1388888888888889,,,,,0.0,,0.0,
selection,cusum_spike,pulse,120,1440,240,78,9,162,0.896551724137931,0.325,0.47706422018348627,0.625,,0.1282051282051282,0.358974358974359,0.24358974358974358,1.1282051282051282,0.8783783783783784,0.5416666666666666,0.6701030927835051,0.27692307692307694
selection,cusum_spike,step,120,1440,120,68,48,52,0.5862068965517241,0.5666666666666667,0.576271186440678,3.3333333333333335,,0.4411764705882353,0.4411764705882353,0.4411764705882353,1.4411764705882353,0.5862068965517241,0.5666666666666667,0.576271186440678,0.4411764705882353
selection,ewma,no_change,120,1440,0,0,1,0,0.0,,0.0,0.06944444444444445,0.06944444444444445,,,,,0.0,,0.0,
selection,ewma,pulse,120,1440,240,73,6,167,0.9240506329113924,0.30416666666666664,0.45768025078369906,0.4166666666666667,,0.3424657534246575,0.4520547945205479,0.3972602739726027,1.3424657534246576,0.918918918918919,0.5666666666666667,0.7010309278350515,0.4264705882352941
selection,ewma,step,120,1440,120,72,51,48,0.5853658536585366,0.6,0.5925925925925926,3.5416666666666665,,0.625,0.625,0.625,1.625,0.5853658536585366,0.6,0.5925925925925926,0.625
selection,kernelcpd,no_change,120,1440,0,0,0,0,,,,0.0,0.0,,,,,,,,
selection,kernelcpd,pulse,120,1440,240,0,0,240,,0.0,0.0,0.0,,,,,,,0.0,0.0,
selection,kernelcpd,step,120,1440,120,28,3,92,0.9032258064516129,0.23333333333333334,0.3708609271523179,0.20833333333333334,,-0.07142857142857142,0.14285714285714285,,6.928571428571429,0.9032258064516129,0.23333333333333334,0.3708609271523179,
selection,pelt,no_change,120,1440,0,0,1,0,0.0,,0.0,0.06944444444444445,0.06944444444444445,,,,,0.0,,0.0,
selection,pelt,pulse,120,1440,240,117,1,123,0.9915254237288136,0.4875,0.6536312849162011,0.06944444444444445,,0.008547008547008548,0.05982905982905983,,6.128205128205129,0.9824561403508771,0.4666666666666667,0.632768361581921,
selection,pelt,step,120,1440,120,82,2,38,0.9761904761904762,0.6833333333333333,0.803921568627451,0.1388888888888889,,0.024390243902439025,0.07317073170731707,,7.695121951219512,0.9761904761904762,0.6833333333333333,0.803921568627451,
selection,rolling_3m,no_change,120,1440,0,0,1,0,0.0,,0.0,0.06944444444444445,0.06944444444444445,,,,,0.0,,0.0,
selection,rolling_3m,pulse,120,1440,240,53,10,187,0.8412698412698413,0.22083333333333333,0.34983498349834985,0.6944444444444444,,0.5660377358490566,0.9811320754716981,0.7735849056603774,1.5660377358490567,0.803921568627451,0.3416666666666667,0.47953216374269003,1.0
selection,rolling_3m,step,120,1440,120,30,68,90,0.30612244897959184,0.25,0.27522935779816515,4.722222222222222,,0.9666666666666667,0.9666666666666667,0.9666666666666667,1.9666666666666666,0.30612244897959184,0.25,0.27522935779816515,0.9666666666666667
selection,spike,no_change,120,1440,0,0,1,0,0.0,,0.0,0.06944444444444445,0.06944444444444445,,,,,0.0,,0.0,
selection,spike,pulse,120,1440,240,65,11,175,0.8552631578947368,0.2708333333333333,0.41139240506329117,0.7638888888888888,,0.0,0.27692307692307694,0.13846153846153847,1.0,0.835820895522388,0.4666666666666667,0.5989304812834224,0.16071428571428573
selection,spike,step,120,1440,120,58,76,62,0.43283582089552236,0.48333333333333334,0.4566929133858268,5.277777777777778,,0.2413793103448276,0.2413793103448276,0.2413793103448276,1.2413793103448276,0.43283582089552236,0.48333333333333334,0.4566929133858268,0.2413793103448276
calibration,bocpd,all,400,4800,0,0,4,0,0.0,,0.0,0.08333333333333333,0.08333333333333333,,,,,0.0,,0.0,
calibration,cusum,all,400,4800,0,0,6,0,0.0,,0.0,0.125,0.125,,,,,0.0,,0.0,
calibration,cusum_spike,all,400,4800,0,0,5,0,0.0,,0.0,0.10416666666666667,0.10416666666666667,,,,,0.0,,0.0,
calibration,ewma,all,400,4800,0,0,4,0,0.0,,0.0,0.08333333333333333,0.08333333333333333,,,,,0.0,,0.0,
calibration,kernelcpd,all,400,4800,0,0,0,0,,,,0.0,0.0,,,,,,,,
calibration,pelt,all,400,4800,0,0,6,0,0.0,,0.0,0.125,0.125,,,,,0.0,,0.0,
calibration,rolling_3m,all,400,4800,0,0,4,0,0.0,,0.0,0.08333333333333333,0.08333333333333333,,,,,0.0,,0.0,
calibration,spike,all,400,4800,0,0,4,0,0.0,,0.0,0.08333333333333333,0.08333333333333333,,,,,0.0,,0.0,
evaluation,bocpd,all,1080,12960,1080,35,5,1045,0.875,0.032407407407407406,0.0625,0.038580246913580245,0.09259259259259259,0.02857142857142857,0.02857142857142857,0.02857142857142857,1.0285714285714285,0.875,0.04861111111111111,0.09210526315789473,0.02857142857142857
evaluation,cusum,all,1080,12960,1080,432,182,648,0.7035830618892508,0.4,0.5100354191263282,1.404320987654321,0.06944444444444445,0.6273148148148148,0.7754629629629629,0.7013888888888888,1.6273148148148149,0.6807017543859649,0.5388888888888889,0.6015503875968993,0.7680412371134021
evaluation,cusum_spike,all,1080,12960,1080,428,189,652,0.6936790923824959,0.3962962962962963,0.5044195639363582,1.4583333333333333,0.09259259259259259,0.2757009345794392,0.4252336448598131,0.35046728971962615,1.2757009345794392,0.6724436741767764,0.5388888888888889,0.5983037779491134,0.37628865979381443
evaluation,ewma,all,1080,12960,1080,449,158,631,0.7397034596375618,0.41574074074074074,0.5323058684054535,1.2191358024691359,0.046296296296296294,0.44766146993318484,0.5723830734966593,0.5100222717149221,1.447661469933185,0.726643598615917,0.5833333333333334,0.6471494607087828,0.5428571428571428
evaluation,kernelcpd,all,1080,12960,1080,77,3,1003,0.9625,0.0712962962962963,0.13275862068965516,0.023148148148148147,0.023148148148148147,0.025974025974025976,0.12987012987012986,,6.896103896103896,0.9615384615384616,0.10416666666666667,0.18796992481203006,
evaluation,pelt,all,1080,12960,1080,589,20,491,0.9671592775041051,0.5453703703703704,0.6974541148608644,0.15432098765432098,0.1388888888888889,0.003395585738539898,0.06791171477079797,,7.061120543293718,0.954337899543379,0.5805555555555556,0.7219343696027634,
evaluation,rolling_3m,all,1080,12960,1080,262,232,818,0.5303643724696356,0.24259259259259258,0.33290978398983484,1.7901234567901234,0.06944444444444445,0.5458015267175572,0.950381679389313,0.7480916030534351,1.5458015267175573,0.4604651162790698,0.275,0.3443478260869565,0.98989898989899
evaluation,spike,all,1080,12960,1080,387,282,693,0.57847533632287,0.35833333333333334,0.4425385934819897,2.175925925925926,0.06944444444444445,0.15762273901808785,0.3178294573643411,0.23772609819121446,1.1576227390180878,0.5586854460093896,0.49583333333333335,0.5253863134657837,0.25770308123249297
selection,bocpd,all,360,4320,360,21,2,339,0.9130434782608695,0.058333333333333334,0.10966057441253264,0.046296296296296294,0.1388888888888889,-0.047619047619047616,0.047619047619047616,0.0,0.9523809523809523,0.9130434782608695,0.0875,0.1596958174904943,0.0
selection,cusum,all,360,4320,360,144,62,216,0.6990291262135923,0.4,0.508833922261484,1.4351851851851851,0.1388888888888889,0.625,0.7638888888888888,0.6944444444444444,1.625,0.6770833333333334,0.5416666666666666,0.6018518518518519,0.7615384615384615
selection,cusum_spike,all,360,4320,360,146,59,214,0.7121951219512195,0.40555555555555556,0.5168141592920354,1.3657407407407407,0.1388888888888889,0.273972602739726,0.3972602739726027,0.3356164383561644,1.273972602739726,0.6927083333333334,0.5541666666666667,0.6157407407407407,0.3609022556390977
selection,ewma,all,360,4320,360,145,58,215,0.7142857142857143,0.4027777777777778,0.5150976909413855,1.3425925925925926,0.06944444444444445,0.4827586206896552,0.5379310344827586,0.5103448275862069,1.4827586206896552,0.7070707070707071,0.5833333333333334,0.639269406392694,0.5285714285714286
selection,kernelcpd,all,360,4320,360,28,3,332,0.9032258064516129,0.07777777777777778,0.1432225063938619,0.06944444444444445,0.0,-0.07142857142857142,0.14285714285714285,,6.928571428571429,0.9032258064516129,0.11666666666666667,0.2066420664206642,
selection,pelt,all,360,4320,360,199,4,161,0.9802955665024631,0.5527777777777778,0.7069271758436945,0.09259259259259259,0.06944444444444445,0.01507537688442211,0.06532663316582915,,6.773869346733668,0.971830985915493,0.575,0.7225130890052356,
selection,rolling_3m,all,360,4320,360,83,79,277,0.5123456790123457,0.23055555555555557,0.31800766283524906,1.8287037037037037,0.06944444444444445,0.7108433734939759,0.9759036144578314,0.8433734939759037,1.7108433734939759,0.47333333333333333,0.29583333333333334,0.3641025641025641,0.9859154929577465
selection,spike,all,360,4320,360,123,88,237,0.5829383886255924,0.3416666666666667,0.4308231173380035,2.037037037037037,0.06944444444444445,0.11382113821138211,0.2601626016260163,0.18699186991869918,1.113821138211382,0.5643564356435643,0.475,0.5158371040723982,0.20175438596491227
