model,stage,origin,seconds,peak_rss_GiB,municipalities,tasks
chronos2,load,,0.7381791670050006,0.959259033203125,0,0
chronos2_univariate,inference,2023-12,8.919138457997178,1.42535400390625,256,1536
chronos2_profile,inference,2023-12,16.930694709000818,1.4302978515625,256,1536
chronos2_mo_group,inference,2023-12,9.257145167001,1.4302978515625,256,256
chronos2_mo_group_profile,inference,2023-12,19.91397020900331,1.4302978515625,256,256
chronos2_univariate,inference,2024-01,11.68332395899779,1.4302978515625,251,1506
chronos2_profile,inference,2024-01,17.99608645900298,1.4302978515625,251,1506
chronos2_mo_group,inference,2024-01,8.547512625002128,1.4302978515625,251,251
chronos2_mo_group_profile,inference,2024-01,16.96889870800078,1.4302978515625,251,251
chronos2_univariate,inference,2024-02,9.731020541999897,1.4302978515625,251,1506
chronos2_profile,inference,2024-02,19.856831917000818,1.4302978515625,251,1506
chronos2_mo_group,inference,2024-02,8.648136374999012,1.4302978515625,251,251
chronos2_mo_group_profile,inference,2024-02,17.084722708998015,1.4302978515625,251,251
chronos2_univariate,inference,2024-03,8.770748292001372,1.4302978515625,251,1506
chronos2_profile,inference,2024-03,19.81386383399513,1.4302978515625,251,1506
chronos2_mo_group,inference,2024-03,8.456828583999595,1.4302978515625,251,251
chronos2_mo_group_profile,inference,2024-03,15.79613283299841,1.4302978515625,251,251
chronos2_univariate,inference,2024-04,7.904255166002258,1.4302978515625,251,1506
chronos2_profile,inference,2024-04,14.534652165995794,1.4302978515625,251,1506
chronos2_mo_group,inference,2024-04,6.712091542001872,1.4302978515625,251,251
chronos2_mo_group_profile,inference,2024-04,13.629781874995388,1.4302978515625,251,251
chronos2_univariate,inference,2024-05,8.59599391699885,1.4302978515625,251,1506
chronos2_profile,inference,2024-05,15.994323874998372,1.4302978515625,251,1506
chronos2_mo_group,inference,2024-05,8.252881458000047,1.4302978515625,251,251
chronos2_mo_group_profile,inference,2024-05,19.45299429199804,1.4302978515625,251,251
chronos2_univariate,inference,2024-06,9.761917499999981,1.4302978515625,251,1506
chronos2_profile,inference,2024-06,16.559521041999687,1.4302978515625,251,1506
chronos2_mo_group,inference,2024-06,8.626341875002254,1.4302978515625,251,251
chronos2_mo_group_profile,inference,2024-06,14.930895707999298,1.4302978515625,251,251
chronos2_univariate,inference,2024-07,8.779898000000685,1.4302978515625,251,1506
chronos2_profile,inference,2024-07,15.058711999998195,1.4302978515625,251,1506
chronos2_mo_group,inference,2024-07,4.495729083006154,1.4302978515625,251,251
chronos2_mo_group_profile,inference,2024-07,7.085281958999985,1.4302978515625,251,251
chronos2_univariate,inference,2024-08,3.4113408749981318,1.4302978515625,251,1506
chronos2_profile,inference,2024-08,6.567919792003522,1.4302978515625,251,1506
chronos2_mo_group,inference,2024-08,3.242099582996161,1.4302978515625,251,251
chronos2_mo_group_profile,inference,2024-08,7.347001957998145,1.4302978515625,251,251
chronos2_univariate,inference,2024-09,3.747472499999276,1.4302978515625,251,1506
chronos2_profile,inference,2024-09,10.643585792000522,1.4302978515625,251,1506
chronos2_mo_group,inference,2024-09,4.248710416999529,1.4302978515625,251,251
chronos2_mo_group_profile,inference,2024-09,6.7560443750044215,1.4302978515625,251,251
chronos2_univariate,inference,2024-10,4.003039875002287,1.4302978515625,251,1506
chronos2_profile,inference,2024-10,6.872574708999309,1.4302978515625,251,1506
chronos2_mo_group,inference,2024-10,3.2174933749993215,1.4302978515625,251,251
chronos2_mo_group_profile,inference,2024-10,6.790182040997024,1.4302978515625,251,251
chronos2_univariate,inference,2024-11,3.1832620409986703,1.4302978515625,251,1506
chronos2_profile,inference,2024-11,6.664173375000246,1.4302978515625,251,1506
chronos2_mo_group,inference,2024-11,3.137078791995009,1.4302978515625,251,251
chronos2_mo_group_profile,inference,2024-11,7.120347208001476,1.4302978515625,251,251
bolt,load,,0.8484002920013154,1.6144866943359375,0,0
bolt_base_univariate,inference,2023-12,6.412860875003389,2.3787689208984375,256,1536
bolt_base_univariate,inference,2024-01,4.340005375001056,2.4147186279296875,251,1506
bolt_base_univariate,inference,2024-02,4.140789082994161,2.45074462890625,251,1506
bolt_base_univariate,inference,2024-03,4.0848416250009905,2.48724365234375,251,1506
bolt_base_univariate,inference,2024-04,4.295072290995449,2.5243988037109375,251,1506
bolt_base_univariate,inference,2024-05,4.765253417004715,2.5707855224609375,251,1506
bolt_base_univariate,inference,2024-06,5.268465834000381,2.6000213623046875,251,1506
bolt_base_univariate,inference,2024-07,4.648660166996706,2.62896728515625,251,1506
bolt_base_univariate,inference,2024-08,4.607515416995739,2.6582489013671875,251,1506
bolt_base_univariate,inference,2024-09,5.977016458004073,2.686431884765625,251,1506
bolt_base_univariate,inference,2024-10,4.917437209005584,2.686431884765625,251,1506
bolt_base_univariate,inference,2024-11,5.109716791004757,2.686431884765625,251,1506
