source_url,snapshot_path,publication_date,region,regex_type,regex_quote,manual_role,manual_ids
https://21.mchs.gov.ru/deyatelnost/press-centr/novosti/5388213,data/external/real_event_registry/snapshots/cheboksary.web.txt,2024-10-25,21,fire,# Сотрудники МЧС России потушили пожар в МТВ-Центре,observed,[478]
https://asc-ug.organizations.mchs.gov.ru/deyatelnost/press-centr/press-centr/4240476,data/external/real_event_registry/snapshots/dyurso.web.txt,2024-07-14,23,fire,# Пожары на Кубани,observed,[627]
https://74.mchs.gov.ru/deyatelnost/press-centr/operativnaya-informaciya/5329681,data/external/real_event_registry/snapshots/karabash.web.txt,2024-07-26,74,fire,Единый телефон пожарных и спасателей,observed,[2278]
https://54.mchs.gov.ru/deyatelnost/press-centr/operativnaya-informaciya/5328766,data/external/real_event_registry/snapshots/novosib.web.txt,2024-07-25,54,flood,"01 июля всем заинтересованным структурам было направлено экстренное предупреждение о том, что в период с 02 по 05 июля в связи с сохранением увеличенных сбросов воды в нижний бьеф Новосибирского водохранилища на р. Обь в районе города Новосибирска сохранится высокая водность и превышение опасной отметки (360 см для дачных участков) с риском подтопления дачных участков в черте города Новосибирска на реке Обь. Были подтоплены 5 садовых участков в СНТ «Геолог».",observed,[1600]
https://61.mchs.gov.ru/deyatelnost/press-centr/operativnaya-informaciya/operativnye-sobytiya/5352870,data/external/real_event_registry/snapshots/rostov.web.txt,2024-09-01,61,fire,# Возгорание сухой растительности в х. Яново-Грушевский Октябрьского (с) района,observed,"[1798, 1829]"
https://10.mchs.gov.ru/deyatelnost/press-centr/novosti/5331360,data/external/real_event_registry/snapshots/segezha.web.txt,2024-07-29,10,flood,# Силы МЧС России проводят поисково-спасательные работы на месте размыва временной дамбы в Карелии,observed,[221]
https://56.mchs.gov.ru/deyatelnost/press-centr/novosti/5249015,data/external/regional_news_review/source_1.web.json,2024-04-06,56,flood,# В Орске спасатели МЧС России продолжают эвакуировать жителей из-за размыва дамбы,observed,[1673]
https://mchs.gov.ru/deyatelnost/press-centr/novosti/5017517,data/external/regional_news_review/source_11.web.json,2023-05-16,66,fire,"# Глава МЧС посетил Свердловскую область, где ранее сразу несколько населенных пунктов пострадали от пожаров",recovery,[2031]
https://23.mchs.gov.ru/deyatelnost/press-centr/novosti/vse-novosti/5040172,data/external/regional_news_review/source_12.web.json,2023-06-15,23,flood,"В 23.00 13.06.2023 от оперативного дежурного ЕДДС МО Лабинского района, поступило сообщение о том, что вследствие выпадения осадков в виде дождя на территории МО Лабинского района, в 3 населенных пунктах произошло подтопление 39 придомовой территории, в дома вода не заходила (ст. Чернореченская 25 придомовых территорий, х. Сладкий 4 придомовых территории, ст. Каладжинская 2 придомовых территории, г. Лабинск 8 придомовых территории).",observed,"[647, 652, 638, 2812]"
https://mchs.gov.ru/deyatelnost/press-centr/novosti/5252738,data/external/regional_news_review/source_13.web.json,2024-04-11,56,flood,"# Глава МЧС России Александр Куренков прибыл в Оренбургскую область, где ситуация с прохождением весеннего паводка остается напряженной",observed,"[1673, 1665]"
https://mchs.gov.ru/deyatelnost/press-centr/novosti/5346534,data/external/regional_news_review/source_15.web.json,2024-08-22,31,fire,Единый телефон пожарных и спасателей,observed,[]
https://54.mchs.gov.ru/deyatelnost/press-centr/novosti/5006171,data/external/regional_news_review/source_16.web.json,2023-05-02,54,fire,# Пожарные МЧС России ликвидировали 814 пожаров и спасли 35 человек за неделю в Новосибирской области,observed,[1597]
https://mchs.gov.ru/deyatelnost/press-centr/novosti/5011210,data/external/regional_news_review/source_17.web.json,2023-05-08,45,fire,# Большинство природных пожаров в Курганской области локализованы,observed,[]
https://mchs.gov.ru/deyatelnost/press-centr/novosti/5252100,data/external/regional_news_review/source_18.web.json,2024-04-10,56,flood,# Борьба с паводком на контроле МЧС России,observed,"[1673, 1665]"
https://46.mchs.gov.ru/deyatelnost/press-centr/operativnaya-informaciya/operativnye-sobytiya/5337327,data/external/regional_news_review/source_2.web.json,2024-08-07,46,fire,Единый телефон пожарных и спасателей,administrative,[]
https://mchs.gov.ru/deyatelnost/press-centr/novosti/5262235,data/external/regional_news_review/source_20.web.json,2024-04-24,45,flood,"# Александр Куренков доложил Владимиру Путину о прохождении паводка в Оренбургской, Курганской и Тюменской областях",observed,[1333]
https://mchs.gov.ru/deyatelnost/press-centr/novosti/5341954,data/external/regional_news_review/source_24.web.json,2024-08-15,31,fire,"15 августа под председательством главы МЧС России Александра Куренкова состоялось внеочередное заседание Правительственной комиссии по предупреждению и ликвидации чрезвычайных ситуаций и обеспечению пожарной безопасности. На повестке обсуждения – обстановка, сложившаяся на территории Белгородской области.",administrative,[]
https://21.mchs.gov.ru/deyatelnost/press-centr/vse_novosti/5260528,data/external/regional_news_review/source_25.web.json,2024-04-15,56,flood,"«В городе проводится комплекс инженерных мероприятий для скорейшего освобождения от воды подтопленных территорий», — отметил глава МЧС России Александр Куренков.",recovery,[1673]
https://25.mchs.gov.ru/deyatelnost/press-centr/vse_novosti/5091334,data/external/regional_news_review/source_26.web.json,2023-08-28,25,flood,"Днем 30 августа в Заливе Петра Великого, на юге района Поворотный-Золотой высота волн 2,5-3,5 м. На побережье южных районов подъем уровня моря до критических значений, накат волн, подтопление пляжей.",warning,"[803, 785]"
https://mchs.gov.ru/deyatelnost/press-centr/novosti/5347826,data/external/regional_news_review/source_5.web.json,2024-08-11,46,fire,Единый телефон пожарных и спасателей,observed,[]
https://mchs.gov.ru/deyatelnost/press-centr/novosti/5427428,data/external/regional_news_review/source_6.web.json,2024-12-26,23,fire,Единый телефон пожарных и спасателей,observed,"[623, 659]"
https://mchs.gov.ru/deyatelnost/press-centr/novosti/5093066,data/external/regional_news_review/source_7.web.json,2023-08-30,25,flood,# Более 1000 спасателей оказывают необходимую помощь населению подтопленных районов Приморья,observed,"[803, 780]"
https://mchs.gov.ru/deyatelnost/press-centr/novosti/5093605,data/external/regional_news_review/source_8.web.json,2023-08-31,25,flood,"По оперативным данным, на территории 19 муниципальных образований края подтоплено 516 жилых домов и 1673 придомовых территорий. Отрезаны 34 населенных пункта в Уссурийском, Красноармейском, Лазовском, Ольгинском, Пограничном, Партизанском и Хасанском муниципальных образованиях.",observed,"[803, 785]"
https://mchs.gov.ru/deyatelnost/press-centr/novosti/5002049,data/external/regional_news_review/source_9.web.json,2023-04-26,66,fire,"В ходе служебного совещания с сотрудниками Главного управления МЧС России по Свердловской области и администрации муниципального образования была дана оценка работе пожарных местного пожарно-спасательного гарнизона, выработаны решения по скорейшей ликвидации возгорания и определён комплекс мер по предотвращению подобных случаев.",observed,[2031]
