model,strategy,nominal_coverage,expense_quartile,coverage,mean_width_rub,relative_width_pct,mean_interval_score,observations
blend_75,adaptive_scaled_2023_3m,0.8,Q1,0.5546875,1752.9725169101253,9.748258809726863,4223.415066228265,256
blend_75,adaptive_scaled_2023_3m,0.8,Q2,0.67578125,2068.3605489485562,9.748258809726867,3916.967403365723,256
blend_75,adaptive_scaled_2023_3m,0.8,Q3,0.70703125,2572.5258975855054,9.748258809726865,5489.472465440818,256
blend_75,adaptive_scaled_2023_3m,0.8,Q4,0.87890625,3864.518613968491,9.748258809726867,5865.388267757011,256
blend_75,adaptive_scaled_2023_3m,0.95,Q1,0.8828125,3204.301481464459,17.819081499786137,5265.229516727044,256
blend_75,adaptive_scaled_2023_3m,0.95,Q2,0.91796875,3780.8070048244213,17.819081499786137,5315.251701383476,256
blend_75,adaptive_scaled_2023_3m,0.95,Q3,0.90234375,4702.383217774968,17.819081499786137,9092.21105920547,256
blend_75,adaptive_scaled_2023_3m,0.95,Q4,0.95703125,7064.048409448676,17.819081499786137,10229.236200891228,256
blend_75,raw_3m,0.8,Q1,0.65234375,2199.1744579720325,12.281546925205312,3820.3855913117295,256
blend_75,raw_3m,0.8,Q2,0.71484375,2199.1744579720325,10.396176063913552,3846.149863324172,256
blend_75,raw_3m,0.8,Q3,0.66015625,2199.1744579720325,8.38435681993635,5664.240129722151,256
blend_75,raw_3m,0.8,Q4,0.67578125,2199.1744579720325,5.736358372407637,5833.1557422506485,256
blend_75,raw_3m,0.95,Q1,0.9453125,4055.1614261535615,22.646523182391757,4661.761241156366,256
blend_75,raw_3m,0.95,Q2,0.94140625,4055.1614261535615,19.169998997150653,5202.398707605528,256
blend_75,raw_3m,0.95,Q3,0.84765625,4055.1614261535615,15.460310679793198,9801.314276302497,256
blend_75,raw_3m,0.95,Q4,0.89453125,4055.161426153562,10.577541547036423,11869.35320162657,256
blend_75,scaled_2023_3m,0.8,Q1,0.546875,1729.0491449742362,9.61522122985455,4245.91603825774,256
blend_75,scaled_2023_3m,0.8,Q2,0.67578125,2040.1329765064984,9.61522122985455,3932.9704720332943,256
blend_75,scaled_2023_3m,0.8,Q3,0.6953125,2537.4178207223695,9.61522122985455,5492.824788060886,256
blend_75,scaled_2023_3m,0.8,Q4,0.87890625,3811.7783027181486,9.61522122985455,5837.880675193237,256
blend_75,scaled_2023_3m,0.95,Q1,0.8828125,3169.4671793307507,17.625368370013767,5301.458651798682,256
blend_75,scaled_2023_3m,0.95,Q2,0.91015625,3739.7054498436764,17.625368370013767,5331.799949832284,256
blend_75,scaled_2023_3m,0.95,Q3,0.8984375,4651.26310978763,17.625368370013767,9130.207862269797,256
blend_75,scaled_2023_3m,0.95,Q4,0.953125,6987.2543880354915,17.625368370013767,10196.504284386565,256
blend_75,scaled_forecast_3m,0.8,Q1,0.57421875,1774.8200707009976,9.867870278196545,4154.797747935041,256
blend_75,scaled_forecast_3m,0.8,Q2,0.7109375,2120.9128933730367,9.997389957274422,3827.5055818966475,256
blend_75,scaled_forecast_3m,0.8,Q3,0.7109375,2677.8535739596387,10.13355677296203,5454.389233355379,256
blend_75,scaled_forecast_3m,0.8,Q4,0.8828125,4070.2572244094226,10.253853522678648,5967.873881301387,256
blend_75,scaled_forecast_3m,0.95,Q1,0.8828125,3246.266875870599,18.049030943305056,5059.464766408963,256
blend_75,scaled_forecast_3m,0.95,Q2,0.94140625,3879.4113609949745,18.28643602881749,5152.237655428795,256
blend_75,scaled_forecast_3m,0.95,Q3,0.90625,4897.985765669271,18.534950179949096,9029.462350629365,256
blend_75,scaled_forecast_3m,0.95,Q4,0.96484375,7445.099731184658,18.75568694768199,10373.36328291785,256
prophet,adaptive_scaled_2023_3m,0.8,Q1,0.51953125,3030.2385594751586,16.85111971124659,8517.645458458275,256
prophet,adaptive_scaled_2023_3m,0.8,Q2,0.58203125,3575.4273554549172,16.85111971124659,9872.138666382427,256
prophet,adaptive_scaled_2023_3m,0.8,Q3,0.52734375,4446.942034124148,16.85111971124659,12834.088743460132,256
prophet,adaptive_scaled_2023_3m,0.8,Q4,0.53125,6680.317691744625,16.85111971124659,16802.343250094596,256
prophet,adaptive_scaled_2023_3m,0.95,Q1,0.7109375,4500.136691403683,25.0252053148419,16450.951497467846,256
prophet,adaptive_scaled_2023_3m,0.95,Q2,0.734375,5309.78387144473,25.0252053148419,20387.871120019106,256
prophet,adaptive_scaled_2023_3m,0.95,Q3,0.69140625,6604.050017690186,25.0252053148419,24477.533001501484,256
prophet,adaptive_scaled_2023_3m,0.95,Q4,0.73828125,9920.784177487327,25.0252053148419,28676.118866048375,256
prophet,raw_3m,0.8,Q1,0.62109375,3987.219338682229,22.267092649970493,7578.817532591329,256
prophet,raw_3m,0.8,Q2,0.6015625,3987.219338682229,18.848815790906464,9445.651231900792,256
prophet,raw_3m,0.8,Q3,0.4921875,3987.219338682229,15.201281341585858,13495.062626203897,256
prophet,raw_3m,0.8,Q4,0.4375,3987.219338682229,10.400320426223466,20670.705266729976,256
prophet,raw_3m,0.95,Q1,0.90625,6806.269503843119,38.01040794832031,8915.523358611465,256
prophet,raw_3m,0.95,Q2,0.8203125,6806.269503843119,32.17533554188745,13248.48304027753,256
prophet,raw_3m,0.95,Q3,0.6796875,6806.269503843119,25.948915478718053,21653.225291276398,256
prophet,raw_3m,0.95,Q4,0.546875,6806.269503843119,17.753571533036503,45492.942369048025,256
prophet,scaled_2023_3m,0.8,Q1,0.5078125,2955.0903199497507,16.43322126679164,8547.55874697919,256
prophet,scaled_2023_3m,0.8,Q2,0.57421875,3486.7587354635075,16.43322126679164,9877.149379885868,256
prophet,scaled_2023_3m,0.8,Q3,0.52734375,4336.660332344918,16.43322126679164,12850.115377098418,256
prophet,scaled_2023_3m,0.8,Q4,0.52734375,6514.649509470557,16.43322126679164,16811.30619447691,256
prophet,scaled_2023_3m,0.95,Q1,0.7109375,4376.6969116431765,24.33875820348494,16446.076370751678,256
prophet,scaled_2023_3m,0.95,Q2,0.734375,5164.135284165355,24.33875820348494,20386.85105203414,256
prophet,scaled_2023_3m,0.95,Q3,0.69140625,6422.899413694474,24.33875820348494,24544.24856210414,256
prophet,scaled_2023_3m,0.95,Q4,0.734375,9648.654796115454,24.33875820348494,28731.179012636934,256
prophet,scaled_forecast_3m,0.8,Q1,0.51171875,2888.7996416571204,16.059716828244536,8581.068136274513,256
prophet,scaled_forecast_3m,0.8,Q2,0.578125,3444.89048330619,16.23735391647343,9865.605200621818,256
prophet,scaled_forecast_3m,0.8,Q3,0.53125,4384.969907644512,16.591581024514255,12732.361220236877,256
prophet,scaled_forecast_3m,0.8,Q4,0.53125,6678.897591987471,16.828259285172216,16514.234136288327,256
prophet,scaled_forecast_3m,0.95,Q1,0.71484375,4384.041315996503,24.372233315705888,16588.95034970982,256
prophet,scaled_forecast_3m,0.95,Q2,0.7421875,5227.345425133782,24.63886593335292,20357.045307550638,256
prophet,scaled_forecast_3m,0.95,Q3,0.70703125,6654.337560280634,25.17838903395268,23847.90550141934,256
prophet,scaled_forecast_3m,0.95,Q4,0.7421875,10134.621839524363,25.535563619290592,27251.612688552403,256
seasonal_pooled,adaptive_scaled_2023_3m,0.8,Q1,0.6328125,1776.1417171231672,9.877102449836649,3885.399574474872,256
seasonal_pooled,adaptive_scaled_2023_3m,0.8,Q2,0.765625,2095.6982620096915,9.877102449836649,3415.0500264912166,256
seasonal_pooled,adaptive_scaled_2023_3m,0.8,Q3,0.76953125,2606.5272107831893,9.877102449836649,4943.554514184381,256
seasonal_pooled,adaptive_scaled_2023_3m,0.8,Q4,0.90234375,3915.596314634264,9.877102449836649,5639.951974902444,256
seasonal_pooled,adaptive_scaled_2023_3m,0.95,Q1,0.8828125,3295.5825117474346,18.326694197094948,4938.961142123733,256
seasonal_pooled,adaptive_scaled_2023_3m,0.95,Q2,0.9453125,3888.5109648599596,18.326694197094948,4741.523629713834,256
seasonal_pooled,adaptive_scaled_2023_3m,0.95,Q3,0.91796875,4836.340146418182,18.326694197094948,8040.234985484733,256
seasonal_pooled,adaptive_scaled_2023_3m,0.95,Q4,0.96484375,7265.282163673509,18.326694197094948,9984.078307686928,256
seasonal_pooled,raw_3m,0.8,Q1,0.7578125,2341.7251134444596,13.077637730123914,3595.60643720391,256
seasonal_pooled,raw_3m,0.8,Q2,0.796875,2341.7251134444596,11.070056986341253,3401.1493281797593,256
seasonal_pooled,raw_3m,0.8,Q3,0.73046875,2341.7251134444596,8.92783146609916,4984.660009316777,256
seasonal_pooled,raw_3m,0.8,Q4,0.7734375,2341.72511344446,6.108189557990575,5323.667123121735,256
seasonal_pooled,raw_3m,0.95,Q1,0.94140625,4072.769181183401,22.74485574935232,4534.366042595901,256
seasonal_pooled,raw_3m,0.95,Q2,0.96484375,4072.769181183401,19.25323628681492,4786.480054476076,256
seasonal_pooled,raw_3m,0.95,Q3,0.89453125,4072.769181183401,15.527440279463221,8701.205435937005,256
seasonal_pooled,raw_3m,0.95,Q4,0.9140625,4072.769181183401,10.623469869193212,11348.341963306315,256
seasonal_pooled,scaled_2023_3m,0.8,Q1,0.6328125,1771.730683608718,9.85257274620329,3889.194245254173,256
seasonal_pooled,scaled_2023_3m,0.8,Q2,0.76171875,2090.4936124140104,9.85257274620329,3415.7846328099668,256
seasonal_pooled,scaled_2023_3m,0.8,Q3,0.76953125,2600.0539216462666,9.85257274620329,4945.421625800535,256
seasonal_pooled,scaled_2023_3m,0.8,Q4,0.90234375,3905.8719630206547,9.85257274620329,5636.183708199427,256
seasonal_pooled,scaled_2023_3m,0.95,Q1,0.87890625,3258.2390452651393,18.11902763494973,4958.931790073343,256
seasonal_pooled,scaled_2023_3m,0.95,Q2,0.94140625,3844.448806390351,18.119027634949727,4737.402005892743,256
seasonal_pooled,scaled_2023_3m,0.95,Q3,0.91015625,4781.537784313467,18.11902763494973,8093.884712377548,256
seasonal_pooled,scaled_2023_3m,0.95,Q4,0.96484375,7182.956559627351,18.119027634949727,9933.913614735413,256
seasonal_pooled,scaled_forecast_3m,0.8,Q1,0.63671875,1818.576809786858,10.111590921036417,3832.4198299454106,256
seasonal_pooled,scaled_forecast_3m,0.8,Q2,0.79296875,2174.436906959458,10.249889497039106,3419.6070858986486,256
seasonal_pooled,scaled_forecast_3m,0.8,Q3,0.79296875,2738.517787752343,10.363482266095648,4984.019547126718,256
seasonal_pooled,scaled_forecast_3m,0.8,Q4,0.9140625,4158.771390182159,10.476128745117661,5776.585033455511,256
seasonal_pooled,scaled_forecast_3m,0.95,Q1,0.8828125,3334.467716905827,18.540108105089455,4906.271769273143,256
seasonal_pooled,scaled_forecast_3m,0.95,Q2,0.94140625,3987.1215159445455,18.794544608063156,4803.543018729664,256
seasonal_pooled,scaled_forecast_3m,0.95,Q3,0.90625,5021.191830993231,19.002008075187344,8126.165129053294,256
seasonal_pooled,scaled_forecast_3m,0.95,Q4,0.96875,7625.973031811716,19.210444975341975,10249.310000668707,256
