decision_month,origin,target,business_horizon,reporting_lag,effective_horizon,status,cohort_n,valid_history_n,observed_target_n,scored_n
2023-12,2023-12,2024-01,1,0,1,eligible,256,256,251,251
2024-01,2024-01,2024-02,1,0,1,eligible,256,251,251,251
2024-02,2024-02,2024-03,1,0,1,eligible,256,251,251,251
2024-03,2024-03,2024-04,1,0,1,eligible,256,251,251,251
2024-04,2024-04,2024-05,1,0,1,eligible,256,251,251,251
2024-05,2024-05,2024-06,1,0,1,eligible,256,251,252,251
2024-06,2024-06,2024-07,1,0,1,eligible,256,251,252,251
2024-07,2024-07,2024-08,1,0,1,eligible,256,251,252,251
2024-08,2024-08,2024-09,1,0,1,eligible,256,251,252,251
2024-09,2024-09,2024-10,1,0,1,eligible,256,251,252,251
2024-10,2024-10,2024-11,1,0,1,eligible,256,251,252,251
2024-11,2024-11,2024-12,1,0,1,eligible,256,251,252,251
2023-12,2023-12,2024-03,3,0,3,eligible,256,256,251,251
2024-01,2024-01,2024-04,3,0,3,eligible,256,251,251,251
2024-02,2024-02,2024-05,3,0,3,eligible,256,251,251,251
2024-03,2024-03,2024-06,3,0,3,eligible,256,251,252,251
2024-04,2024-04,2024-07,3,0,3,eligible,256,251,252,251
2024-05,2024-05,2024-08,3,0,3,eligible,256,251,252,251
2024-06,2024-06,2024-09,3,0,3,eligible,256,251,252,251
2024-07,2024-07,2024-10,3,0,3,eligible,256,251,252,251
2024-08,2024-08,2024-11,3,0,3,eligible,256,251,252,251
2024-09,2024-09,2024-12,3,0,3,eligible,256,251,252,251
2024-10,2024-10,2025-01,3,0,3,target_outside_archive,256,0,0,0
2024-11,2024-11,2025-02,3,0,3,target_outside_archive,256,0,0,0
2023-12,2023-12,2024-06,6,0,6,eligible,256,256,252,252
2024-01,2024-01,2024-07,6,0,6,eligible,256,251,252,251
2024-02,2024-02,2024-08,6,0,6,eligible,256,251,252,251
2024-03,2024-03,2024-09,6,0,6,eligible,256,251,252,251
2024-04,2024-04,2024-10,6,0,6,eligible,256,251,252,251
2024-05,2024-05,2024-11,6,0,6,eligible,256,251,252,251
2024-06,2024-06,2024-12,6,0,6,eligible,256,251,252,251
2024-07,2024-07,2025-01,6,0,6,target_outside_archive,256,0,0,0
2024-08,2024-08,2025-02,6,0,6,target_outside_archive,256,0,0,0
2024-09,2024-09,2025-03,6,0,6,target_outside_archive,256,0,0,0
2024-10,2024-10,2025-04,6,0,6,target_outside_archive,256,0,0,0
2024-11,2024-11,2025-05,6,0,6,target_outside_archive,256,0,0,0
2023-12,2023-12,2024-12,12,0,12,eligible,256,256,252,252
2024-01,2024-01,2025-01,12,0,12,target_outside_archive,256,0,0,0
2024-02,2024-02,2025-02,12,0,12,target_outside_archive,256,0,0,0
2024-03,2024-03,2025-03,12,0,12,target_outside_archive,256,0,0,0
2024-04,2024-04,2025-04,12,0,12,target_outside_archive,256,0,0,0
2024-05,2024-05,2025-05,12,0,12,target_outside_archive,256,0,0,0
2024-06,2024-06,2025-06,12,0,12,target_outside_archive,256,0,0,0
2024-07,2024-07,2025-07,12,0,12,target_outside_archive,256,0,0,0
2024-08,2024-08,2025-08,12,0,12,target_outside_archive,256,0,0,0
2024-09,2024-09,2025-09,12,0,12,target_outside_archive,256,0,0,0
2024-10,2024-10,2025-10,12,0,12,target_outside_archive,256,0,0,0
2024-11,2024-11,2025-11,12,0,12,target_outside_archive,256,0,0,0
2023-12,2023-11,2024-01,1,1,2,training_not_available,256,0,0,0
2024-01,2023-12,2024-02,1,1,2,eligible,256,256,251,251
2024-02,2024-01,2024-03,1,1,2,eligible,256,251,251,251
2024-03,2024-02,2024-04,1,1,2,eligible,256,251,251,251
2024-04,2024-03,2024-05,1,1,2,eligible,256,251,251,251
2024-05,2024-04,2024-06,1,1,2,eligible,256,251,252,251
2024-06,2024-05,2024-07,1,1,2,eligible,256,251,252,251
2024-07,2024-06,2024-08,1,1,2,eligible,256,251,252,251
2024-08,2024-07,2024-09,1,1,2,eligible,256,251,252,251
2024-09,2024-08,2024-10,1,1,2,eligible,256,251,252,251
2024-10,2024-09,2024-11,1,1,2,eligible,256,251,252,251
2024-11,2024-10,2024-12,1,1,2,eligible,256,251,252,251
2023-12,2023-11,2024-03,3,1,4,training_not_available,256,0,0,0
2024-01,2023-12,2024-04,3,1,4,eligible,256,256,251,251
2024-02,2024-01,2024-05,3,1,4,eligible,256,251,251,251
2024-03,2024-02,2024-06,3,1,4,eligible,256,251,252,251
2024-04,2024-03,2024-07,3,1,4,eligible,256,251,252,251
2024-05,2024-04,2024-08,3,1,4,eligible,256,251,252,251
2024-06,2024-05,2024-09,3,1,4,eligible,256,251,252,251
2024-07,2024-06,2024-10,3,1,4,eligible,256,251,252,251
2024-08,2024-07,2024-11,3,1,4,eligible,256,251,252,251
2024-09,2024-08,2024-12,3,1,4,eligible,256,251,252,251
2024-10,2024-09,2025-01,3,1,4,target_outside_archive,256,0,0,0
2024-11,2024-10,2025-02,3,1,4,target_outside_archive,256,0,0,0
2023-12,2023-11,2024-06,6,1,7,training_not_available,256,0,0,0
2024-01,2023-12,2024-07,6,1,7,eligible,256,256,252,252
2024-02,2024-01,2024-08,6,1,7,eligible,256,251,252,251
2024-03,2024-02,2024-09,6,1,7,eligible,256,251,252,251
2024-04,2024-03,2024-10,6,1,7,eligible,256,251,252,251
2024-05,2024-04,2024-11,6,1,7,eligible,256,251,252,251
2024-06,2024-05,2024-12,6,1,7,eligible,256,251,252,251
2024-07,2024-06,2025-01,6,1,7,target_outside_archive,256,0,0,0
2024-08,2024-07,2025-02,6,1,7,target_outside_archive,256,0,0,0
2024-09,2024-08,2025-03,6,1,7,target_outside_archive,256,0,0,0
2024-10,2024-09,2025-04,6,1,7,target_outside_archive,256,0,0,0
2024-11,2024-10,2025-05,6,1,7,target_outside_archive,256,0,0,0
2023-12,2023-11,2024-12,12,1,13,training_not_available,256,0,0,0
2024-01,2023-12,2025-01,12,1,13,target_outside_archive,256,0,0,0
2024-02,2024-01,2025-02,12,1,13,target_outside_archive,256,0,0,0
2024-03,2024-02,2025-03,12,1,13,target_outside_archive,256,0,0,0
2024-04,2024-03,2025-04,12,1,13,target_outside_archive,256,0,0,0
2024-05,2024-04,2025-05,12,1,13,target_outside_archive,256,0,0,0
2024-06,2024-05,2025-06,12,1,13,target_outside_archive,256,0,0,0
2024-07,2024-06,2025-07,12,1,13,target_outside_archive,256,0,0,0
2024-08,2024-07,2025-08,12,1,13,target_outside_archive,256,0,0,0
2024-09,2024-08,2025-09,12,1,13,target_outside_archive,256,0,0,0
2024-10,2024-09,2025-10,12,1,13,target_outside_archive,256,0,0,0
2024-11,2024-10,2025-11,12,1,13,target_outside_archive,256,0,0,0
2023-12,2023-10,2024-01,1,2,3,training_not_available,256,0,0,0
2024-01,2023-11,2024-02,1,2,3,training_not_available,256,0,0,0
2024-02,2023-12,2024-03,1,2,3,eligible,256,256,251,251
2024-03,2024-01,2024-04,1,2,3,eligible,256,251,251,251
2024-04,2024-02,2024-05,1,2,3,eligible,256,251,251,251
2024-05,2024-03,2024-06,1,2,3,eligible,256,251,252,251
2024-06,2024-04,2024-07,1,2,3,eligible,256,251,252,251
2024-07,2024-05,2024-08,1,2,3,eligible,256,251,252,251
2024-08,2024-06,2024-09,1,2,3,eligible,256,251,252,251
2024-09,2024-07,2024-10,1,2,3,eligible,256,251,252,251
2024-10,2024-08,2024-11,1,2,3,eligible,256,251,252,251
2024-11,2024-09,2024-12,1,2,3,eligible,256,251,252,251
2023-12,2023-10,2024-03,3,2,5,training_not_available,256,0,0,0
2024-01,2023-11,2024-04,3,2,5,training_not_available,256,0,0,0
2024-02,2023-12,2024-05,3,2,5,eligible,256,256,251,251
2024-03,2024-01,2024-06,3,2,5,eligible,256,251,252,251
2024-04,2024-02,2024-07,3,2,5,eligible,256,251,252,251
2024-05,2024-03,2024-08,3,2,5,eligible,256,251,252,251
2024-06,2024-04,2024-09,3,2,5,eligible,256,251,252,251
2024-07,2024-05,2024-10,3,2,5,eligible,256,251,252,251
2024-08,2024-06,2024-11,3,2,5,eligible,256,251,252,251
2024-09,2024-07,2024-12,3,2,5,eligible,256,251,252,251
2024-10,2024-08,2025-01,3,2,5,target_outside_archive,256,0,0,0
2024-11,2024-09,2025-02,3,2,5,target_outside_archive,256,0,0,0
2023-12,2023-10,2024-06,6,2,8,training_not_available,256,0,0,0
2024-01,2023-11,2024-07,6,2,8,training_not_available,256,0,0,0
2024-02,2023-12,2024-08,6,2,8,eligible,256,256,252,252
2024-03,2024-01,2024-09,6,2,8,eligible,256,251,252,251
2024-04,2024-02,2024-10,6,2,8,eligible,256,251,252,251
2024-05,2024-03,2024-11,6,2,8,eligible,256,251,252,251
2024-06,2024-04,2024-12,6,2,8,eligible,256,251,252,251
2024-07,2024-05,2025-01,6,2,8,target_outside_archive,256,0,0,0
2024-08,2024-06,2025-02,6,2,8,target_outside_archive,256,0,0,0
2024-09,2024-07,2025-03,6,2,8,target_outside_archive,256,0,0,0
2024-10,2024-08,2025-04,6,2,8,target_outside_archive,256,0,0,0
2024-11,2024-09,2025-05,6,2,8,target_outside_archive,256,0,0,0
2023-12,2023-10,2024-12,12,2,14,training_not_available,256,0,0,0
2024-01,2023-11,2025-01,12,2,14,training_not_available,256,0,0,0
2024-02,2023-12,2025-02,12,2,14,target_outside_archive,256,0,0,0
2024-03,2024-01,2025-03,12,2,14,target_outside_archive,256,0,0,0
2024-04,2024-02,2025-04,12,2,14,target_outside_archive,256,0,0,0
2024-05,2024-03,2025-05,12,2,14,target_outside_archive,256,0,0,0
2024-06,2024-04,2025-06,12,2,14,target_outside_archive,256,0,0,0
2024-07,2024-05,2025-07,12,2,14,target_outside_archive,256,0,0,0
2024-08,2024-06,2025-08,12,2,14,target_outside_archive,256,0,0,0
2024-09,2024-07,2025-09,12,2,14,target_outside_archive,256,0,0,0
2024-10,2024-08,2025-10,12,2,14,target_outside_archive,256,0,0,0
2024-11,2024-09,2025-11,12,2,14,target_outside_archive,256,0,0,0
