shape,illustrative_capacity_per100_months,eligible_methods,highest_minimum_methods,third_month_min
pulse,0.1,bocpd,bocpd,0.36397275411172
pulse,2.0,"bocpd,spike",spike,0.6646147718950826
pulse,10.0,"bocpd,ewma,rolling_3m,spike",spike,0.6646147718950826
ramp,0.1,bocpd,bocpd,0.0016359736883378
ramp,2.0,bocpd,bocpd,0.0016359736883378
ramp,10.0,"bocpd,ewma,rolling_3m,spike",ewma,0.0119525249134023
step,0.1,bocpd,bocpd,0.36397275411172
step,2.0,"bocpd,spike",spike,0.6646147718950826
step,10.0,"bocpd,ewma,rolling_3m,spike",spike,0.6646147718950826
