shape,method,third_month_min,third_month_max,original_control_burden_max,scenario_count
pulse,bocpd,0.36397275411172,0.4869985204545982,0.0415875333459239,6
pulse,cusum,0.4288971087679148,0.7449212388611588,12.648602519875034,6
pulse,ewma,0.5454407549472108,0.79055175511552,8.065846348887971,6
pulse,rolling_3m,0.2444967141181281,0.5658388148982939,6.346795781293596,6
pulse,spike,0.6646147718950826,0.8785926211529104,1.8634224407759856,6
ramp,bocpd,0.0016359736883378,0.014005306208029,0.0499128970978078,6
ramp,cusum,0.0108133805999159,0.529528716998451,14.853211376809671,6
ramp,ewma,0.0119525249134023,0.5695014558040291,9.364972622860128,6
ramp,rolling_3m,0.004976073154368,0.4930368588026438,7.417433041271266,6
ramp,spike,0.0066139273978444,0.3777656663082021,2.1259937714033845,6
step,bocpd,0.36397275411172,0.4869985204545982,0.0415875333459239,6
step,cusum,0.4288971087679148,0.9508673100972184,12.648602519875034,6
step,ewma,0.5454407549472108,0.950365336178052,8.065846348887971,6
step,rolling_3m,0.2444967141181281,0.9527580403888958,6.346795781293596,6
step,spike,0.6646147718950826,0.9228571449231115,1.8634224407759856,6
