horizon,target,model,ae
1,2024-07,adaptive_expanding,702.5627002218193
1,2024-07,adaptive_rolling_3m,691.5927760151176
1,2024-07,blend_75,714.8469971619812
1,2024-07,chronos_2,1244.8773651123047
1,2024-07,chronos_bolt_tiny,1697.6264419555664
1,2024-07,last,965.375
1,2024-07,prophet,1046.9021590237614
1,2024-07,same_month_yoy,842.3630406138938
1,2024-07,seasonal_local,842.3630406138938
1,2024-07,seasonal_pooled,857.8432080572348
1,2024-07,year_ago,4475.015625
1,2024-08,adaptive_expanding,624.3536283686244
1,2024-08,adaptive_rolling_3m,614.8950238850265
1,2024-08,blend_75,627.1074047237429
1,2024-08,chronos_2,1063.7234573364258
1,2024-08,chronos_bolt_tiny,1383.0632781982422
1,2024-08,last,746.13671875
1,2024-08,prophet,982.7911360696473
1,2024-08,same_month_yoy,729.4340542876869
1,2024-08,seasonal_local,729.4340542876869
1,2024-08,seasonal_pooled,675.5526884650055
1,2024-08,year_ago,4447.9453125
1,2024-09,adaptive_expanding,989.6608373648836
1,2024-09,adaptive_rolling_3m,999.6404908663405
1,2024-09,blend_75,948.4667009410807
1,2024-09,chronos_2,1940.6151657104492
1,2024-09,chronos_bolt_tiny,1541.7988586425781
1,2024-09,last,2349.2734375
1,2024-09,prophet,2167.861206281241
1,2024-09,same_month_yoy,831.0916164810682
1,2024-09,seasonal_local,831.0916164810682
1,2024-09,seasonal_pooled,791.701008859077
1,2024-09,year_ago,3769.921875
1,2024-10,adaptive_expanding,646.316782178289
1,2024-10,adaptive_rolling_3m,812.7270989869211
1,2024-10,blend_75,659.4785291413208
1,2024-10,chronos_2,1013.2865295410156
1,2024-10,chronos_bolt_tiny,1906.6167602539062
1,2024-10,last,1638.9609375
1,2024-10,prophet,935.7175187145829
1,2024-10,same_month_yoy,843.7709008377788
1,2024-10,seasonal_local,843.7709008377788
1,2024-10,seasonal_pooled,835.7372828867985
1,2024-10,year_ago,4456.9609375
1,2024-11,adaptive_expanding,885.6548422014484
1,2024-11,adaptive_rolling_3m,880.1444849743773
1,2024-11,blend_75,883.421738219439
1,2024-11,chronos_2,644.7739410400391
1,2024-11,chronos_bolt_tiny,999.8953857421875
1,2024-11,last,717.3671875
1,2024-11,prophet,1084.514005209223
1,2024-11,same_month_yoy,1002.2447120344821
1,2024-11,seasonal_local,1002.2447120344821
1,2024-11,seasonal_pooled,875.0080370821596
1,2024-11,year_ago,3865.625
1,2024-12,adaptive_expanding,1369.874156660305
1,2024-12,adaptive_rolling_3m,878.5141772106637
1,2024-12,blend_75,1316.190257825137
1,2024-12,chronos_2,5610.27490234375
1,2024-12,chronos_bolt_tiny,6180.883018493652
1,2024-12,last,5628.73828125
1,2024-12,prophet,4630.118802251826
1,2024-12,same_month_yoy,959.0463998753277
1,2024-12,seasonal_local,959.0463998753277
1,2024-12,seasonal_pooled,934.1694088074794
1,2024-12,year_ago,4698.0
3,2024-09,adaptive_expanding,1252.9118893175996
3,2024-09,adaptive_rolling_3m,1462.2541612411708
3,2024-09,blend_75,1211.7502967905089
3,2024-09,chronos_2,897.8095397949219
3,2024-09,chronos_bolt_tiny,1158.3905410766602
3,2024-09,last,1279.29296875
3,2024-09,prophet,1935.8365407773942
3,2024-09,same_month_yoy,1326.8597036322697
3,2024-09,seasonal_local,1326.8597036322697
3,2024-09,seasonal_pooled,1049.0073479055864
3,2024-09,year_ago,3769.921875
3,2024-10,adaptive_expanding,853.0326467814716
3,2024-10,adaptive_rolling_3m,898.7593984538585
3,2024-10,blend_75,873.9888366272678
3,2024-10,chronos_2,890.7177505493164
3,2024-10,chronos_bolt_tiny,1649.7974472045898
3,2024-10,last,946.19921875
3,2024-10,prophet,1205.4815989086567
3,2024-10,same_month_yoy,1038.2344954926002
3,2024-10,seasonal_local,1038.2344954926002
3,2024-10,seasonal_pooled,1050.861828155578
3,2024-10,year_ago,4456.9609375
3,2024-11,adaptive_expanding,1106.879680364794
3,2024-11,adaptive_rolling_3m,1120.1604495686045
3,2024-11,blend_75,1098.454494811991
3,2024-11,chronos_2,1012.9376678466797
3,2024-11,chronos_bolt_tiny,1153.2738571166992
3,2024-11,last,1202.25
3,2024-11,prophet,1557.2697575406632
3,2024-11,same_month_yoy,1101.8951237916824
3,2024-11,seasonal_local,1101.8951237916824
3,2024-11,seasonal_pooled,1178.752897353637
3,2024-11,year_ago,3865.625
3,2024-12,adaptive_expanding,1365.8310732654463
3,2024-12,adaptive_rolling_3m,967.2879250739163
3,2024-12,blend_75,1347.8697017074078
3,2024-12,chronos_2,6534.046520233154
3,2024-12,chronos_bolt_tiny,8018.540351867676
3,2024-12,last,7226.05078125
3,2024-12,prophet,4387.2452393199965
3,2024-12,same_month_yoy,1037.4973210065261
3,2024-12,seasonal_local,1037.4973210065261
3,2024-12,seasonal_pooled,994.3740378249203
3,2024-12,year_ago,4698.0
6,2024-12,adaptive_expanding,1108.9984512014987
6,2024-12,adaptive_rolling_3m,1799.4882620602614
6,2024-12,blend_75,1185.5893945792845
6,2024-12,chronos_2,7020.093311309814
6,2024-12,chronos_bolt_tiny,9375.926780700684
6,2024-12,last,6088.8828125
6,2024-12,prophet,4319.133218284479
6,2024-12,same_month_yoy,1714.3540055644032
6,2024-12,seasonal_local,1714.3540055644032
6,2024-12,seasonal_pooled,1481.5914836648826
6,2024-12,year_ago,4698.0
