candidate,seasonal_weight,horizon,MAE_date_balanced,MAE_pooled,R2_pooled,WAPE_pct,dates,municipalities,observations
pooled,0.0,1,1863.473257079365,1863.4732570793649,0.9568601003612676,5.632525818979414,6,251,1506
pooled,0.0,3,2371.642154165096,2371.6421541650957,0.9449699155613183,7.139929300175295,4,251,1004
pooled,0.0,6,4332.788904750387,4332.788904750388,0.8925950005663882,11.391947766007442,1,251,251
pooled,0.25,1,1464.361107510178,1464.361107510178,0.9734925851391694,4.426171245026397,6,251,1506
pooled,0.25,3,1907.5777124067758,1907.5777124067758,0.9634460397348285,5.7428436146047614,4,251,1004
pooled,0.25,6,2990.091676105272,2990.091676105272,0.9448971884986013,7.861672686711995,1,251,251
pooled,0.5,1,1106.3228462319714,1106.3228462319717,0.9849390414260856,3.3439664196173533,6,251,1506
pooled,0.5,3,1479.2410761258066,1479.2410761258066,0.9759302037271096,4.453318002846671,4,251,1004
pooled,0.5,6,1826.5303046029446,1826.5303046029446,0.975763787950567,4.802389010979326,1,251,251
pooled,0.75,1,843.0754221785787,843.0754221785787,0.9911994692220163,2.5482759490793008,6,251,1506
pooled,0.75,3,1171.6732487643847,1171.6732487643847,0.9824224075381617,3.527372012844588,4,251,1004
pooled,0.75,6,1247.4475724701042,1247.4475724701042,0.9851947989222853,3.2798407443371396,1,251,251
pooled,1.0,1,801.027014086479,801.0270140864789,0.9922738685269614,2.4211806214023506,6,251,1506
pooled,1.0,3,1108.469894646249,1108.469894646249,0.9829226511679846,3.3370956344521256,4,251,1004
pooled,1.0,6,1648.404738841009,1648.404738841009,0.9731902214137563,4.334053907294555,1,251,251
regional,0.0,1,1863.473257079365,1863.4732570793649,0.9568601003612676,5.632525818979414,6,251,1506
regional,0.0,3,2371.642154165096,2371.6421541650957,0.9449699155613183,7.139929300175295,4,251,1004
regional,0.0,6,4332.788904750387,4332.788904750388,0.8925950005663882,11.391947766007442,1,251,251
regional,0.25,1,1477.9808443970041,1477.9808443970041,0.9732625298843496,4.467338199996809,6,251,1506
regional,0.25,3,1938.0385280723349,1938.0385280723349,0.9636078591204398,5.834547192185305,4,251,1004
regional,0.25,6,2948.5473296453447,2948.5473296453442,0.9463786257187459,7.752442572979585,1,251,251
regional,0.5,1,1134.1970399265097,1134.1970399265097,0.9848505225892856,3.4282188311136093,6,251,1506
regional,0.5,3,1536.0793986501146,1536.0793986501149,0.9770031395287567,4.624432183648111,4,251,1004
regional,0.5,6,1707.9476262827427,1707.9476262827427,0.9789066934964468,4.490606529285857,1,251,251
regional,0.75,1,871.8866273714199,871.8866273714199,0.9916240784760755,2.63536056728248,6,251,1506
regional,0.75,3,1202.8475968640773,1202.8475968640773,0.9851557567862689,3.6212237100831275,4,251,1004
regional,0.75,6,1067.6615953011888,1067.6615953011888,0.990179203899491,2.807140018316682,1,251,251
regional,1.0,1,772.8089310963707,772.8089310963707,0.9935831975447191,2.3358887716802923,6,251,1506
regional,1.0,3,1055.8326961530788,1055.8326961530788,0.9880657108929763,3.178629115740396,4,251,1004
regional,1.0,6,1605.8815240271686,1605.8815240271686,0.9801961569278785,4.222250112406031,1,251,251
shrink_5,0.0,1,1863.473257079365,1863.4732570793649,0.9568601003612676,5.632525818979414,6,251,1506
shrink_5,0.0,3,2371.642154165096,2371.6421541650957,0.9449699155613183,7.139929300175295,4,251,1004
shrink_5,0.0,6,4332.788904750387,4332.788904750388,0.8925950005663882,11.391947766007442,1,251,251
shrink_5,0.25,1,1478.9761084452837,1478.9761084452832,0.9731647271280077,4.4703464805972075,6,251,1506
shrink_5,0.25,3,1940.7391867933015,1940.7391867933015,0.9633831086990574,5.8426776398153315,4,251,1004
shrink_5,0.25,6,2946.577786753945,2946.577786753945,0.9465007076117866,7.747264169361274,1,251,251
shrink_5,0.5,1,1134.7494493091128,1134.7494493091128,0.9847452739970347,3.429888541209173,6,251,1506
shrink_5,0.5,3,1537.7800209739264,1537.7800209739264,0.9767340555368501,4.629551979287174,4,251,1004
shrink_5,0.5,6,1704.2546266284764,1704.2546266284767,0.9790662895023291,4.480896741874991,1,251,251
shrink_5,0.75,1,869.2993721854065,869.2993721854066,0.9916017409683485,2.6275403414862977,6,251,1506
shrink_5,0.75,3,1199.6006176586468,1199.600617658647,0.9850227560746964,3.6114485414620106,4,251,1004
shrink_5,0.75,6,1054.8573678288185,1054.8573678288185,0.9902917462380159,2.7734746139418243,1,251,251
shrink_5,1.0,1,761.4349043214097,761.4349043214097,0.9937341280419492,2.301509689913302,6,251,1506
shrink_5,1.0,3,1032.1718331125185,1032.1718331125187,0.988249210312596,3.1073970839627347,4,251,1004
shrink_5,1.0,6,1585.0717812211553,1585.0717812211553,0.9801770778188468,4.167536276056829,1,251,251
shrink_20,0.0,1,1863.473257079365,1863.4732570793649,0.9568601003612676,5.632525818979414,6,251,1506
shrink_20,0.0,3,2371.642154165096,2371.6421541650957,0.9449699155613183,7.139929300175295,4,251,1004
shrink_20,0.0,6,4332.788904750387,4332.788904750388,0.8925950005663882,11.391947766007442,1,251,251
shrink_20,0.25,1,1479.4656522614944,1479.4656522614944,0.9730398230951668,4.47182617351679,6,251,1506
shrink_20,0.25,3,1943.1830479961543,1943.1830479961543,0.9630459884969353,5.850034987624808,4,251,1004
shrink_20,0.25,6,2948.107259170128,2948.107259170128,0.9464775630791714,7.751285521487524,1,251,251
shrink_20,0.5,1,1134.5998654857674,1134.5998654857674,0.9845739572935897,3.4294364098228525,6,251,1506
shrink_20,0.5,3,1539.1952188316964,1539.1952188316964,0.976181573696313,4.633812492464718,4,251,1004
shrink_20,0.5,6,1718.9589197007372,1718.958919700737,0.9787654684991336,4.5195578773001674,1,251,251
shrink_20,0.75,1,867.8926852426526,867.8926852426528,0.991462502956536,2.6232884959102036,6,251,1506
shrink_20,0.75,3,1198.076676894998,1198.0766768949977,0.984376671159451,3.6068606531539023,4,251,1004
shrink_20,0.75,6,1079.1716208563555,1079.1716208563555,0.9894587168262747,2.837402653490556,1,251,251
shrink_20,1.0,1,755.3325729868556,755.3325729868554,0.9937054600840061,2.283064810885784,6,251,1506
shrink_20,1.0,3,1019.774956369615,1019.774956369615,0.9876312808863497,3.0700757607049773,4,251,1004
shrink_20,1.0,6,1599.781613217495,1599.781613217495,0.9785573080605948,4.206211974650251,1,251,251
shrink_100,0.0,1,1863.473257079365,1863.4732570793649,0.9568601003612676,5.632525818979414,6,251,1506
shrink_100,0.0,3,2371.642154165096,2371.6421541650957,0.9449699155613183,7.139929300175295,4,251,1004
shrink_100,0.0,6,4332.788904750387,4332.788904750388,0.8925950005663882,11.391947766007442,1,251,251
shrink_100,0.25,1,1475.907465741282,1475.9074657412823,0.9730566125366222,4.461071215071478,6,251,1506
shrink_100,0.25,3,1936.0340071777437,1936.0340071777434,0.9628826498825099,5.828512497008811,4,251,1004
shrink_100,0.25,6,2964.0482175985803,2964.04821759858,0.9459309362826226,7.79319814860811,1,251,251
shrink_100,0.5,1,1127.2116297433442,1127.211629743344,0.9845144817520212,3.407104761961628,6,251,1506
shrink_100,0.5,3,1525.7733742964729,1525.7733742964729,0.9756343058561124,4.593405460193369,4,251,1004
shrink_100,0.5,6,1767.1074683556544,1767.1074683556544,0.9774859613804845,4.646152032553037,1,251,251
shrink_100,0.75,1,861.2062833559966,861.2062833559964,0.9912337080074645,2.603078207879727,6,251,1506
shrink_100,0.75,3,1182.6589608214417,1182.6589608214417,0.9832248834821257,3.5604449649599474,4,251,1004
shrink_100,0.75,6,1159.4675544336012,1159.4675544336012,0.987260075859974,3.0485200426003503,1,251,251
shrink_100,1.0,1,757.381395199695,757.3813951996951,0.993214291302952,2.2892575716181836,6,251,1506
shrink_100,1.0,3,1017.0402768790032,1017.0402768790032,0.9856543827605496,3.061842892104916,4,251,1004
shrink_100,1.0,6,1629.211579320923,1629.211579320923,0.9752532797210911,4.283590458572706,1,251,251
