horizon,model,target,MAE,municipalities
1,blend_selected,2024-07,731.318389956925,251
1,blend_selected,2024-08,591.6408911996479,251
1,blend_selected,2024-09,957.9600861374234,251
1,blend_selected,2024-10,614.9539222324977,251
1,blend_selected,2024-11,807.1112777969573,251
1,blend_selected,2024-12,1355.4679657480224,251
1,chronos_2,2024-07,1223.6909704930279,251
1,chronos_2,2024-08,956.7670801170319,251
1,chronos_2,2024-09,2060.9286525771913,251
1,chronos_2,2024-10,1018.3844310258964,251
1,chronos_2,2024-11,570.7629248630478,251
1,chronos_2,2024-12,5879.9486584910355,251
1,chronos_bolt_tiny,2024-07,1689.7514395542828,251
1,chronos_bolt_tiny,2024-08,1269.9327922684263,251
1,chronos_bolt_tiny,2024-09,1632.330685072211,251
1,chronos_bolt_tiny,2024-10,1908.054703062749,251
1,chronos_bolt_tiny,2024-11,938.9409082420319,251
1,chronos_bolt_tiny,2024-12,6443.7105406499,251
1,prophet,2024-07,1100.5777439333726,251
1,prophet,2024-08,934.0132697010465,251
1,prophet,2024-09,2357.3441398931477,251
1,prophet,2024-10,970.5951597713276,251
1,prophet,2024-11,1058.5022295412364,251
1,prophet,2024-12,4759.806999636059,251
1,regional_asof_selected,2024-07,694.9033020594721,251
1,regional_asof_selected,2024-08,597.9060859720986,251
1,regional_asof_selected,2024-09,1029.5618050094615,251
1,regional_asof_selected,2024-10,600.9405439178037,251
1,regional_asof_selected,2024-11,823.8447323009002,251
1,regional_asof_selected,2024-12,1460.1996421961808,251
1,seasonal_pooled,2024-07,889.0163072317176,251
1,seasonal_pooled,2024-08,619.9079946565497,251
1,seasonal_pooled,2024-09,799.9179905818255,251
1,seasonal_pooled,2024-10,809.1078822922949,251
1,seasonal_pooled,2024-11,772.3211849487433,251
1,seasonal_pooled,2024-12,915.8907248077417,251
3,blend_selected,2024-09,1350.097667443465,251
3,blend_selected,2024-10,845.0057715414109,251
3,blend_selected,2024-11,1037.3335999951387,251
3,blend_selected,2024-12,1454.2559560775264,251
3,chronos_2,2024-09,940.810484624004,251
3,chronos_2,2024-10,812.4831844497012,251
3,chronos_2,2024-11,914.0474274775896,251
3,chronos_2,2024-12,6785.160257407869,251
3,chronos_bolt_tiny,2024-09,1101.9243027888447,251
3,chronos_bolt_tiny,2024-10,1580.1527989604083,251
3,chronos_bolt_tiny,2024-11,1118.1317075448208,251
3,chronos_bolt_tiny,2024-12,8303.719248007968,251
3,prophet,2024-09,2087.946851383899,251
3,prophet,2024-10,1298.925286966855,251
3,prophet,2024-11,1625.2002954902816,251
3,prophet,2024-12,4474.496182819348,251
3,regional_asof_selected,2024-09,1441.3699152402846,251
3,regional_asof_selected,2024-10,852.0908910970711,251
3,regional_asof_selected,2024-11,1031.593028663639,251
3,regional_asof_selected,2024-12,1467.2528725789966,251
3,seasonal_pooled,2024-09,1167.90663843678,251
3,seasonal_pooled,2024-10,1060.003554612321,251
3,seasonal_pooled,2024-11,1135.481390334475,251
3,seasonal_pooled,2024-12,1070.4879952014205,251
6,blend_selected,2024-12,1247.4475724701047,251
6,chronos_2,2024-12,7114.139547279631,251
6,chronos_bolt_tiny,2024-12,9579.408136983317,251
6,prophet,2024-12,4332.788904750387,251
6,regional_asof_selected,2024-12,1079.1716208563555,251
6,seasonal_pooled,2024-12,1648.404738841007,251
