origin,horizon,candidate,months,rows,last_target,global_factor
2024-01,1,none,0,0,,1.0
2024-01,1,global_expanding,0,0,,1.0
2024-01,1,global_3m,0,0,,1.0
2024-01,1,municipal_expanding,0,0,,1.0
2024-01,1,municipal_3m,0,0,,1.0
2024-01,3,none,0,0,,1.0
2024-01,3,global_expanding,0,0,,1.0
2024-01,3,global_3m,0,0,,1.0
2024-01,3,municipal_expanding,0,0,,1.0
2024-01,3,municipal_3m,0,0,,1.0
2024-01,6,none,0,0,,1.0
2024-01,6,global_expanding,0,0,,1.0
2024-01,6,global_3m,0,0,,1.0
2024-01,6,municipal_expanding,0,0,,1.0
2024-01,6,municipal_3m,0,0,,1.0
2024-02,1,none,0,0,,1.0
2024-02,1,global_expanding,1,256,2024-02,1.0
2024-02,1,global_3m,1,256,2024-02,1.0
2024-02,1,municipal_expanding,1,256,2024-02,1.0
2024-02,1,municipal_3m,1,256,2024-02,1.0
2024-02,3,none,0,0,,1.0
2024-02,3,global_expanding,0,0,,1.0
2024-02,3,global_3m,0,0,,1.0
2024-02,3,municipal_expanding,0,0,,1.0
2024-02,3,municipal_3m,0,0,,1.0
2024-02,6,none,0,0,,1.0
2024-02,6,global_expanding,0,0,,1.0
2024-02,6,global_3m,0,0,,1.0
2024-02,6,municipal_expanding,0,0,,1.0
2024-02,6,municipal_3m,0,0,,1.0
2024-03,1,none,0,0,,1.0
2024-03,1,global_expanding,2,512,2024-03,1.0189190348221597
2024-03,1,global_3m,2,512,2024-03,1.0189190348221597
2024-03,1,municipal_expanding,2,512,2024-03,1.0189190348221597
2024-03,1,municipal_3m,2,512,2024-03,1.0189190348221597
2024-03,3,none,0,0,,1.0
2024-03,3,global_expanding,0,0,,1.0
2024-03,3,global_3m,0,0,,1.0
2024-03,3,municipal_expanding,0,0,,1.0
2024-03,3,municipal_3m,0,0,,1.0
2024-03,6,none,0,0,,1.0
2024-03,6,global_expanding,0,0,,1.0
2024-03,6,global_3m,0,0,,1.0
2024-03,6,municipal_expanding,0,0,,1.0
2024-03,6,municipal_3m,0,0,,1.0
2024-04,1,none,0,0,,1.0
2024-04,1,global_expanding,3,768,2024-04,1.0248341021779828
2024-04,1,global_3m,3,768,2024-04,1.0248341021779828
2024-04,1,municipal_expanding,3,768,2024-04,1.0248341021779828
2024-04,1,municipal_3m,3,768,2024-04,1.0248341021779828
2024-04,3,none,0,0,,1.0
2024-04,3,global_expanding,1,256,2024-04,1.0
2024-04,3,global_3m,1,256,2024-04,1.0
2024-04,3,municipal_expanding,1,256,2024-04,1.0
2024-04,3,municipal_3m,1,256,2024-04,1.0
2024-04,6,none,0,0,,1.0
2024-04,6,global_expanding,0,0,,1.0
2024-04,6,global_3m,0,0,,1.0
2024-04,6,municipal_expanding,0,0,,1.0
2024-04,6,municipal_3m,0,0,,1.0
2024-05,1,none,0,0,,1.0
2024-05,1,global_expanding,4,1024,2024-05,1.0161597558876445
2024-05,1,global_3m,3,768,2024-05,1.0183777254053354
2024-05,1,municipal_expanding,4,1024,2024-05,1.0161597558876445
2024-05,1,municipal_3m,3,768,2024-05,1.0183777254053354
2024-05,3,none,0,0,,1.0
2024-05,3,global_expanding,2,512,2024-05,1.0495964185781903
2024-05,3,global_3m,2,512,2024-05,1.0495964185781903
2024-05,3,municipal_expanding,2,512,2024-05,1.0495964185781903
2024-05,3,municipal_3m,2,512,2024-05,1.0495964185781903
2024-05,6,none,0,0,,1.0
2024-05,6,global_expanding,0,0,,1.0
2024-05,6,global_3m,0,0,,1.0
2024-05,6,municipal_expanding,0,0,,1.0
2024-05,6,municipal_3m,0,0,,1.0
2024-06,1,none,0,0,,1.0
2024-06,1,global_expanding,5,1280,2024-06,1.0137053418827708
2024-06,1,global_3m,3,768,2024-06,1.0096521428127305
2024-06,1,municipal_expanding,5,1280,2024-06,1.0137053418827708
2024-06,1,municipal_3m,3,768,2024-06,1.0096521428127305
2024-06,3,none,0,0,,1.0
2024-06,3,global_expanding,3,768,2024-06,1.0416568779833923
2024-06,3,global_3m,3,768,2024-06,1.0416568779833923
2024-06,3,municipal_expanding,3,768,2024-06,1.0416568779833923
2024-06,3,municipal_3m,3,768,2024-06,1.0416568779833923
2024-06,6,none,0,0,,1.0
2024-06,6,global_expanding,0,0,,1.0
2024-06,6,global_3m,0,0,,1.0
2024-06,6,municipal_expanding,0,0,,1.0
2024-06,6,municipal_3m,0,0,,1.0
2024-07,1,none,0,0,,1.0
2024-07,1,global_expanding,6,1536,2024-07,1.0080179827228475
2024-07,1,global_3m,3,768,2024-07,0.995867499745716
2024-07,1,municipal_expanding,6,1536,2024-07,1.0080179827228475
2024-07,1,municipal_3m,3,768,2024-07,0.995867499745716
2024-07,3,none,0,0,,1.0
2024-07,3,global_expanding,4,1024,2024-07,1.0298720982731335
2024-07,3,global_3m,3,768,2024-07,1.017832581518474
2024-07,3,municipal_expanding,4,1024,2024-07,1.0298720982731335
2024-07,3,municipal_3m,3,768,2024-07,1.017832581518474
2024-08,1,none,0,0,,1.0
2024-08,1,global_expanding,7,1792,2024-08,1.0064802280672815
2024-08,1,global_3m,3,768,2024-08,1.0002204053659443
2024-08,1,municipal_expanding,7,1792,2024-08,1.0064802280672815
2024-08,1,municipal_3m,3,768,2024-08,1.0002204053659443
2024-08,3,none,0,0,,1.0
2024-08,3,global_expanding,5,1280,2024-08,1.0219753216906011
2024-08,3,global_3m,3,768,2024-08,1.0041588388356018
2024-08,3,municipal_expanding,5,1280,2024-08,1.0219753216906011
2024-08,3,municipal_3m,3,768,2024-08,1.0041588388356018
2024-09,1,none,0,0,,1.0
2024-09,1,global_expanding,8,2048,2024-09,1.0026802360156182
2024-09,1,global_3m,3,768,2024-09,0.9913691691737699
2024-09,1,municipal_expanding,8,2048,2024-09,1.0026802360156182
2024-09,1,municipal_3m,3,768,2024-09,0.9913691691737699
2024-09,3,none,0,0,,1.0
2024-09,3,global_expanding,6,1536,2024-09,1.0121081736921087
2024-09,3,global_3m,3,768,2024-09,0.9816166397322252
2024-09,3,municipal_expanding,6,1536,2024-09,1.0121081736921087
2024-09,3,municipal_3m,3,768,2024-09,0.9816166397322252
2024-10,1,none,0,0,,1.0
2024-10,1,global_expanding,9,2304,2024-10,1.003614934852243
2024-10,1,global_3m,3,768,2024-10,0.9981590957429032
2024-10,1,municipal_expanding,9,2304,2024-10,1.003614934852243
2024-10,1,municipal_3m,3,768,2024-10,0.9981590957429032
2024-11,1,none,0,0,,1.0
2024-11,1,global_expanding,10,2560,2024-11,1.0006107101354917
2024-11,1,global_3m,3,768,2024-11,0.9885784450990348
2024-11,1,municipal_expanding,10,2560,2024-11,1.0006107101354917
2024-11,1,municipal_3m,3,768,2024-11,0.9885784450990348
