category,scope,scenario,shift_pct,shape,method,target_units,target_rate,baseline_target_rate,same_direction_target_rate,opposite_direction_target_rate,new_target_rate,control_rate,baseline_control_rate,pending_target_rate,median_delay_months
Все категории,national,all,-20,permanent,trigger_only,1,1.0,0.0,1.0,0.0,1.0,,,0.0,0.0
Все категории,national,all,-20,permanent,confirmed_3m,1,1.0,0.0,1.0,0.0,1.0,,,0.0,2.0
Все категории,national,all,-20,one_month,trigger_only,1,1.0,0.0,1.0,0.0,1.0,,,0.0,0.0
Все категории,national,all,-20,one_month,confirmed_3m,1,0.0,0.0,0.0,0.0,0.0,,,0.0,
Все категории,national,all,-20,ramp,trigger_only,1,1.0,0.0,1.0,0.0,1.0,,,1.0,4.0
Все категории,national,all,-20,ramp,confirmed_3m,1,0.0,0.0,0.0,0.0,0.0,,,1.0,
Все категории,national,all,20,permanent,trigger_only,1,1.0,0.0,1.0,0.0,1.0,,,0.0,0.0
Все категории,national,all,20,permanent,confirmed_3m,1,1.0,0.0,1.0,0.0,1.0,,,0.0,2.0
Все категории,national,all,20,one_month,trigger_only,1,1.0,0.0,1.0,0.0,1.0,,,0.0,0.0
Все категории,national,all,20,one_month,confirmed_3m,1,0.0,0.0,0.0,0.0,0.0,,,0.0,
Все категории,national,all,20,ramp,trigger_only,1,0.0,0.0,0.0,0.0,0.0,,,0.0,
Все категории,national,all,20,ramp,confirmed_3m,1,0.0,0.0,0.0,0.0,0.0,,,0.0,
Все категории,regional,77,-20,permanent,trigger_only,1,1.0,0.0,1.0,0.0,1.0,0.08064516129032258,0.08064516129032258,0.0,0.0
Все категории,regional,77,-20,permanent,confirmed_3m,1,1.0,0.0,1.0,0.0,1.0,0.03225806451612903,0.03225806451612903,0.0,2.0
Все категории,regional,77,-20,one_month,trigger_only,1,1.0,0.0,1.0,0.0,1.0,0.08064516129032258,0.08064516129032258,0.0,0.0
Все категории,regional,77,-20,one_month,confirmed_3m,1,0.0,0.0,0.0,0.0,0.0,0.03225806451612903,0.03225806451612903,0.0,
Все категории,regional,77,-20,ramp,trigger_only,1,0.0,0.0,0.0,0.0,0.0,0.08064516129032258,0.08064516129032258,0.0,
Все категории,regional,77,-20,ramp,confirmed_3m,1,0.0,0.0,0.0,0.0,0.0,0.03225806451612903,0.03225806451612903,0.0,
Все категории,regional,77,20,permanent,trigger_only,1,1.0,0.0,1.0,0.0,1.0,0.08064516129032258,0.08064516129032258,0.0,0.0
Все категории,regional,77,20,permanent,confirmed_3m,1,1.0,0.0,1.0,0.0,1.0,0.03225806451612903,0.03225806451612903,0.0,2.0
Все категории,regional,77,20,one_month,trigger_only,1,1.0,0.0,1.0,0.0,1.0,0.08064516129032258,0.08064516129032258,0.0,0.0
Все категории,regional,77,20,one_month,confirmed_3m,1,0.0,0.0,0.0,0.0,0.0,0.03225806451612903,0.03225806451612903,0.0,
Все категории,regional,77,20,ramp,trigger_only,1,0.0,0.0,0.0,0.0,0.0,0.08064516129032258,0.08064516129032258,0.0,
Все категории,regional,77,20,ramp,confirmed_3m,1,0.0,0.0,0.0,0.0,0.0,0.03225806451612903,0.03225806451612903,0.0,
Все категории,regional,78,-20,permanent,trigger_only,1,1.0,0.0,1.0,0.0,1.0,0.08064516129032258,0.08064516129032258,0.0,0.0
Все категории,regional,78,-20,permanent,confirmed_3m,1,1.0,0.0,1.0,0.0,1.0,0.03225806451612903,0.03225806451612903,0.0,2.0
Все категории,regional,78,-20,one_month,trigger_only,1,1.0,0.0,1.0,0.0,1.0,0.08064516129032258,0.08064516129032258,0.0,0.0
Все категории,regional,78,-20,one_month,confirmed_3m,1,0.0,0.0,0.0,0.0,0.0,0.03225806451612903,0.03225806451612903,0.0,
Все категории,regional,78,-20,ramp,trigger_only,1,0.0,0.0,0.0,0.0,0.0,0.08064516129032258,0.08064516129032258,0.0,
Все категории,regional,78,-20,ramp,confirmed_3m,1,0.0,0.0,0.0,0.0,0.0,0.03225806451612903,0.03225806451612903,0.0,
Все категории,regional,78,20,permanent,trigger_only,1,1.0,0.0,1.0,0.0,1.0,0.08064516129032258,0.08064516129032258,0.0,0.0
Все категории,regional,78,20,permanent,confirmed_3m,1,1.0,0.0,1.0,0.0,1.0,0.03225806451612903,0.03225806451612903,0.0,2.0
Все категории,regional,78,20,one_month,trigger_only,1,1.0,0.0,1.0,0.0,1.0,0.08064516129032258,0.08064516129032258,0.0,0.0
Все категории,regional,78,20,one_month,confirmed_3m,1,0.0,0.0,0.0,0.0,0.0,0.03225806451612903,0.03225806451612903,0.0,
Все категории,regional,78,20,ramp,trigger_only,1,0.0,0.0,0.0,0.0,0.0,0.08064516129032258,0.08064516129032258,0.0,
Все категории,regional,78,20,ramp,confirmed_3m,1,0.0,0.0,0.0,0.0,0.0,0.03225806451612903,0.03225806451612903,0.0,
Все категории,regional,22,-20,permanent,trigger_only,1,1.0,0.0,1.0,0.0,1.0,0.08064516129032258,0.08064516129032258,0.0,0.0
Все категории,regional,22,-20,permanent,confirmed_3m,1,1.0,0.0,1.0,0.0,1.0,0.03225806451612903,0.03225806451612903,0.0,2.0
Все категории,regional,22,-20,one_month,trigger_only,1,1.0,0.0,1.0,0.0,1.0,0.08064516129032258,0.08064516129032258,0.0,0.0
Все категории,regional,22,-20,one_month,confirmed_3m,1,0.0,0.0,0.0,0.0,0.0,0.03225806451612903,0.03225806451612903,0.0,
Все категории,regional,22,-20,ramp,trigger_only,1,1.0,0.0,1.0,0.0,1.0,0.08064516129032258,0.08064516129032258,0.0,2.0
Все категории,regional,22,-20,ramp,confirmed_3m,1,1.0,0.0,1.0,0.0,1.0,0.03225806451612903,0.03225806451612903,0.0,4.0
Все категории,regional,22,20,permanent,trigger_only,1,1.0,0.0,1.0,0.0,1.0,0.08064516129032258,0.08064516129032258,0.0,0.0
Все категории,regional,22,20,permanent,confirmed_3m,1,1.0,0.0,1.0,0.0,1.0,0.03225806451612903,0.03225806451612903,0.0,2.0
Все категории,regional,22,20,one_month,trigger_only,1,1.0,0.0,1.0,0.0,1.0,0.08064516129032258,0.08064516129032258,0.0,0.0
Все категории,regional,22,20,one_month,confirmed_3m,1,0.0,0.0,0.0,0.0,0.0,0.03225806451612903,0.03225806451612903,0.0,
Все категории,regional,22,20,ramp,trigger_only,1,0.0,0.0,0.0,0.0,0.0,0.08064516129032258,0.08064516129032258,0.0,
Все категории,regional,22,20,ramp,confirmed_3m,1,0.0,0.0,0.0,0.0,0.0,0.03225806451612903,0.03225806451612903,0.0,
Все категории,local,20261001,-20,permanent,trigger_only,504,0.9603174603174603,0.0,0.9603174603174603,0.0,0.9603174603174603,0.006613756613756613,0.006613756613756613,0.0,0.0
Все категории,local,20261001,-20,permanent,confirmed_3m,504,0.9126984126984127,0.0,0.9126984126984127,0.0,0.9126984126984127,0.0013227513227513227,0.0013227513227513227,0.0,2.0
Все категории,local,20261001,-20,one_month,trigger_only,504,0.9880952380952381,0.0,0.9603174603174603,0.027777777777777776,0.9880952380952381,0.006613756613756613,0.006613756613756613,0.0,0.0
Все категории,local,20261001,-20,one_month,confirmed_3m,504,0.007936507936507936,0.0,0.0,0.007936507936507936,0.007936507936507936,0.0013227513227513227,0.0013227513227513227,0.0,3.0
Все категории,local,20261001,-20,ramp,trigger_only,504,0.005952380952380952,0.0,0.005952380952380952,0.0,0.005952380952380952,0.006613756613756613,0.006613756613756613,0.0,3.0
Все категории,local,20261001,-20,ramp,confirmed_3m,504,0.003968253968253968,0.0,0.003968253968253968,0.0,0.003968253968253968,0.0013227513227513227,0.0013227513227513227,0.0,5.0
Все категории,local,20261001,20,permanent,trigger_only,504,0.1626984126984127,0.0,0.1626984126984127,0.0,0.1626984126984127,0.006613756613756613,0.006613756613756613,0.0,0.0
Все категории,local,20261001,20,permanent,confirmed_3m,504,0.05357142857142857,0.0,0.05357142857142857,0.0,0.05357142857142857,0.0013227513227513227,0.0013227513227513227,0.0,2.0
Все категории,local,20261001,20,one_month,trigger_only,504,0.47619047619047616,0.0,0.1626984126984127,0.3134920634920635,0.47619047619047616,0.006613756613756613,0.006613756613756613,0.0,1.0
Все категории,local,20261001,20,one_month,confirmed_3m,504,0.12896825396825398,0.0,0.0,0.12896825396825398,0.12896825396825398,0.0013227513227513227,0.0013227513227513227,0.0,3.0
Все категории,local,20261001,20,ramp,trigger_only,504,0.011904761904761904,0.0,0.011904761904761904,0.0,0.011904761904761904,0.006613756613756613,0.006613756613756613,0.007936507936507936,5.0
Все категории,local,20261001,20,ramp,confirmed_3m,504,0.001984126984126984,0.0,0.001984126984126984,0.0,0.001984126984126984,0.0013227513227513227,0.0013227513227513227,0.007936507936507936,5.0
Все категории,local,20261002,-20,permanent,trigger_only,504,0.9543650793650794,0.001984126984126984,0.9543650793650794,0.0,0.9523809523809523,0.005952380952380952,0.005952380952380952,0.0,0.0
Все категории,local,20261002,-20,permanent,confirmed_3m,504,0.9067460317460317,0.001984126984126984,0.9067460317460317,0.0,0.9047619047619048,0.0006613756613756613,0.0006613756613756613,0.0,2.0
Все категории,local,20261002,-20,one_month,trigger_only,504,0.9781746031746031,0.001984126984126984,0.9523809523809523,0.025793650793650792,0.9761904761904762,0.005952380952380952,0.005952380952380952,0.0,0.0
Все категории,local,20261002,-20,one_month,confirmed_3m,504,0.007936507936507936,0.001984126984126984,0.0,0.007936507936507936,0.007936507936507936,0.0006613756613756613,0.0006613756613756613,0.0,3.0
Все категории,local,20261002,-20,ramp,trigger_only,504,0.013888888888888888,0.001984126984126984,0.013888888888888888,0.0,0.011904761904761904,0.005952380952380952,0.005952380952380952,0.005952380952380952,4.0
Все категории,local,20261002,-20,ramp,confirmed_3m,504,0.003968253968253968,0.001984126984126984,0.003968253968253968,0.0,0.001984126984126984,0.0006613756613756613,0.0006613756613756613,0.005952380952380952,4.0
Все категории,local,20261002,20,permanent,trigger_only,504,0.17261904761904762,0.001984126984126984,0.17261904761904762,0.0,0.17063492063492064,0.005952380952380952,0.005952380952380952,0.0,0.0
Все категории,local,20261002,20,permanent,confirmed_3m,504,0.04563492063492063,0.001984126984126984,0.04563492063492063,0.0,0.04563492063492063,0.0006613756613756613,0.0006613756613756613,0.0,2.0
Все категории,local,20261002,20,one_month,trigger_only,504,0.498015873015873,0.001984126984126984,0.17261904761904762,0.3273809523809524,0.49603174603174605,0.005952380952380952,0.005952380952380952,0.0,1.0
Все категории,local,20261002,20,one_month,confirmed_3m,504,0.13095238095238096,0.001984126984126984,0.0,0.13095238095238096,0.12896825396825398,0.0006613756613756613,0.0006613756613756613,0.0,3.0
Все категории,local,20261002,20,ramp,trigger_only,504,0.003968253968253968,0.001984126984126984,0.003968253968253968,0.0,0.001984126984126984,0.005952380952380952,0.005952380952380952,0.001984126984126984,3.0
Все категории,local,20261002,20,ramp,confirmed_3m,504,0.0,0.001984126984126984,0.0,0.0,0.0,0.0006613756613756613,0.0006613756613756613,0.001984126984126984,
Все категории,local,20261003,-20,permanent,trigger_only,504,0.9603174603174603,0.007936507936507936,0.9583333333333334,0.003968253968253968,0.9523809523809523,0.003968253968253968,0.003968253968253968,0.001984126984126984,0.0
Все категории,local,20261003,-20,permanent,confirmed_3m,504,0.9146825396825397,0.001984126984126984,0.9146825396825397,0.0,0.9126984126984127,0.0006613756613756613,0.0006613756613756613,0.001984126984126984,2.0
Все категории,local,20261003,-20,one_month,trigger_only,504,0.9801587301587301,0.007936507936507936,0.9563492063492064,0.027777777777777776,0.9722222222222222,0.003968253968253968,0.003968253968253968,0.001984126984126984,0.0
Все категории,local,20261003,-20,one_month,confirmed_3m,504,0.007936507936507936,0.001984126984126984,0.0,0.007936507936507936,0.007936507936507936,0.0006613756613756613,0.0006613756613756613,0.001984126984126984,3.0
Все категории,local,20261003,-20,ramp,trigger_only,504,0.015873015873015872,0.007936507936507936,0.013888888888888888,0.001984126984126984,0.00992063492063492,0.003968253968253968,0.003968253968253968,0.007936507936507936,3.5
Все категории,local,20261003,-20,ramp,confirmed_3m,504,0.003968253968253968,0.001984126984126984,0.003968253968253968,0.0,0.001984126984126984,0.0006613756613756613,0.0006613756613756613,0.007936507936507936,3.5
Все категории,local,20261003,20,permanent,trigger_only,504,0.1746031746031746,0.007936507936507936,0.1746031746031746,0.001984126984126984,0.16666666666666666,0.003968253968253968,0.003968253968253968,0.001984126984126984,0.0
Все категории,local,20261003,20,permanent,confirmed_3m,504,0.03968253968253968,0.001984126984126984,0.03968253968253968,0.0,0.03968253968253968,0.0006613756613756613,0.0006613756613756613,0.001984126984126984,2.0
Все категории,local,20261003,20,one_month,trigger_only,504,0.5158730158730159,0.007936507936507936,0.1746031746031746,0.34523809523809523,0.5079365079365079,0.003968253968253968,0.003968253968253968,0.001984126984126984,1.0
Все категории,local,20261003,20,one_month,confirmed_3m,504,0.1488095238095238,0.001984126984126984,0.0,0.1488095238095238,0.14682539682539683,0.0006613756613756613,0.0006613756613756613,0.001984126984126984,3.0
Все категории,local,20261003,20,ramp,trigger_only,504,0.011904761904761904,0.007936507936507936,0.011904761904761904,0.0,0.005952380952380952,0.003968253968253968,0.003968253968253968,0.005952380952380952,3.5
Все категории,local,20261003,20,ramp,confirmed_3m,504,0.0,0.001984126984126984,0.0,0.0,0.0,0.0006613756613756613,0.0006613756613756613,0.005952380952380952,
Здоровье,national,all,-20,permanent,trigger_only,1,1.0,0.0,1.0,0.0,1.0,,,0.0,0.0
Здоровье,national,all,-20,permanent,confirmed_3m,1,1.0,0.0,1.0,0.0,1.0,,,0.0,2.0
Здоровье,national,all,-20,one_month,trigger_only,1,1.0,0.0,1.0,0.0,1.0,,,0.0,0.0
Здоровье,national,all,-20,one_month,confirmed_3m,1,0.0,0.0,0.0,0.0,0.0,,,0.0,
Здоровье,national,all,-20,ramp,trigger_only,1,1.0,0.0,1.0,0.0,1.0,,,1.0,1.0
Здоровье,national,all,-20,ramp,confirmed_3m,1,0.0,0.0,0.0,0.0,0.0,,,1.0,
Здоровье,national,all,20,permanent,trigger_only,1,1.0,0.0,1.0,0.0,1.0,,,0.0,0.0
Здоровье,national,all,20,permanent,confirmed_3m,1,1.0,0.0,1.0,0.0,1.0,,,0.0,2.0
Здоровье,national,all,20,one_month,trigger_only,1,1.0,0.0,1.0,0.0,1.0,,,0.0,0.0
Здоровье,national,all,20,one_month,confirmed_3m,1,0.0,0.0,0.0,0.0,0.0,,,0.0,
Здоровье,national,all,20,ramp,trigger_only,1,1.0,0.0,1.0,0.0,1.0,,,0.0,2.0
Здоровье,national,all,20,ramp,confirmed_3m,1,1.0,0.0,1.0,0.0,1.0,,,0.0,4.0
Здоровье,regional,77,-20,permanent,trigger_only,1,1.0,0.0,1.0,0.0,1.0,0.3548387096774194,0.3548387096774194,0.0,0.0
Здоровье,regional,77,-20,permanent,confirmed_3m,1,1.0,0.0,1.0,0.0,1.0,0.06451612903225806,0.06451612903225806,0.0,2.0
Здоровье,regional,77,-20,one_month,trigger_only,1,1.0,0.0,1.0,0.0,1.0,0.3548387096774194,0.3548387096774194,0.0,0.0
Здоровье,regional,77,-20,one_month,confirmed_3m,1,0.0,0.0,0.0,0.0,0.0,0.06451612903225806,0.06451612903225806,0.0,
Здоровье,regional,77,-20,ramp,trigger_only,1,0.0,0.0,0.0,0.0,0.0,0.3548387096774194,0.3548387096774194,0.0,
Здоровье,regional,77,-20,ramp,confirmed_3m,1,0.0,0.0,0.0,0.0,0.0,0.06451612903225806,0.06451612903225806,0.0,
Здоровье,regional,77,20,permanent,trigger_only,1,1.0,0.0,1.0,0.0,1.0,0.3548387096774194,0.3548387096774194,0.0,0.0
Здоровье,regional,77,20,permanent,confirmed_3m,1,0.0,0.0,0.0,0.0,0.0,0.06451612903225806,0.06451612903225806,0.0,
Здоровье,regional,77,20,one_month,trigger_only,1,1.0,0.0,1.0,0.0,1.0,0.3548387096774194,0.3548387096774194,0.0,0.0
Здоровье,regional,77,20,one_month,confirmed_3m,1,0.0,0.0,0.0,0.0,0.0,0.06451612903225806,0.06451612903225806,0.0,
Здоровье,regional,77,20,ramp,trigger_only,1,0.0,0.0,0.0,0.0,0.0,0.3548387096774194,0.3548387096774194,0.0,
Здоровье,regional,77,20,ramp,confirmed_3m,1,0.0,0.0,0.0,0.0,0.0,0.06451612903225806,0.06451612903225806,0.0,
Здоровье,regional,78,-20,permanent,trigger_only,1,1.0,0.0,1.0,0.0,1.0,0.3548387096774194,0.3548387096774194,0.0,0.0
Здоровье,regional,78,-20,permanent,confirmed_3m,1,1.0,0.0,1.0,0.0,1.0,0.06451612903225806,0.06451612903225806,0.0,2.0
Здоровье,regional,78,-20,one_month,trigger_only,1,1.0,0.0,1.0,0.0,1.0,0.3548387096774194,0.3548387096774194,0.0,0.0
Здоровье,regional,78,-20,one_month,confirmed_3m,1,0.0,0.0,0.0,0.0,0.0,0.06451612903225806,0.06451612903225806,0.0,
Здоровье,regional,78,-20,ramp,trigger_only,1,0.0,0.0,0.0,0.0,0.0,0.3548387096774194,0.3548387096774194,0.0,
Здоровье,regional,78,-20,ramp,confirmed_3m,1,0.0,0.0,0.0,0.0,0.0,0.06451612903225806,0.06451612903225806,0.0,
Здоровье,regional,78,20,permanent,trigger_only,1,1.0,0.0,1.0,0.0,1.0,0.3548387096774194,0.3548387096774194,0.0,0.0
Здоровье,regional,78,20,permanent,confirmed_3m,1,0.0,0.0,0.0,0.0,0.0,0.06451612903225806,0.06451612903225806,0.0,
Здоровье,regional,78,20,one_month,trigger_only,1,1.0,0.0,1.0,0.0,1.0,0.3548387096774194,0.3548387096774194,0.0,0.0
Здоровье,regional,78,20,one_month,confirmed_3m,1,0.0,0.0,0.0,0.0,0.0,0.06451612903225806,0.06451612903225806,0.0,
Здоровье,regional,78,20,ramp,trigger_only,1,0.0,0.0,0.0,0.0,0.0,0.3548387096774194,0.3548387096774194,0.0,
Здоровье,regional,78,20,ramp,confirmed_3m,1,0.0,0.0,0.0,0.0,0.0,0.06451612903225806,0.06451612903225806,0.0,
Здоровье,regional,22,-20,permanent,trigger_only,1,1.0,0.0,1.0,0.0,1.0,0.3548387096774194,0.3548387096774194,0.0,0.0
Здоровье,regional,22,-20,permanent,confirmed_3m,1,1.0,0.0,1.0,0.0,1.0,0.06451612903225806,0.06451612903225806,0.0,2.0
Здоровье,regional,22,-20,one_month,trigger_only,1,1.0,0.0,1.0,0.0,1.0,0.3548387096774194,0.3548387096774194,0.0,0.0
Здоровье,regional,22,-20,one_month,confirmed_3m,1,0.0,0.0,0.0,0.0,0.0,0.06451612903225806,0.06451612903225806,0.0,
Здоровье,regional,22,-20,ramp,trigger_only,1,0.0,0.0,0.0,0.0,0.0,0.3548387096774194,0.3548387096774194,0.0,
Здоровье,regional,22,-20,ramp,confirmed_3m,1,0.0,0.0,0.0,0.0,0.0,0.06451612903225806,0.06451612903225806,0.0,
Здоровье,regional,22,20,permanent,trigger_only,1,1.0,0.0,1.0,0.0,1.0,0.3548387096774194,0.3548387096774194,0.0,0.0
Здоровье,regional,22,20,permanent,confirmed_3m,1,1.0,0.0,1.0,0.0,1.0,0.06451612903225806,0.06451612903225806,0.0,2.0
Здоровье,regional,22,20,one_month,trigger_only,1,1.0,0.0,1.0,0.0,1.0,0.3548387096774194,0.3548387096774194,0.0,0.0
Здоровье,regional,22,20,one_month,confirmed_3m,1,0.0,0.0,0.0,0.0,0.0,0.06451612903225806,0.06451612903225806,0.0,
Здоровье,regional,22,20,ramp,trigger_only,1,1.0,0.0,1.0,0.0,1.0,0.3548387096774194,0.3548387096774194,0.0,2.0
Здоровье,regional,22,20,ramp,confirmed_3m,1,1.0,0.0,1.0,0.0,1.0,0.06451612903225806,0.06451612903225806,0.0,4.0
Здоровье,local,20261001,-20,permanent,trigger_only,504,0.00992063492063492,0.0,0.00992063492063492,0.0,0.00992063492063492,0.017857142857142856,0.017857142857142856,0.0,0.0
Здоровье,local,20261001,-20,permanent,confirmed_3m,504,0.001984126984126984,0.0,0.001984126984126984,0.0,0.001984126984126984,0.0033068783068783067,0.0033068783068783067,0.0,2.0
Здоровье,local,20261001,-20,one_month,trigger_only,504,0.017857142857142856,0.0,0.00992063492063492,0.007936507936507936,0.017857142857142856,0.017857142857142856,0.017857142857142856,0.0,0.0
Здоровье,local,20261001,-20,one_month,confirmed_3m,504,0.001984126984126984,0.0,0.0,0.001984126984126984,0.001984126984126984,0.0033068783068783067,0.0033068783068783067,0.0,3.0
Здоровье,local,20261001,-20,ramp,trigger_only,504,0.005952380952380952,0.0,0.005952380952380952,0.0,0.005952380952380952,0.017857142857142856,0.017857142857142856,0.001984126984126984,4.0
Здоровье,local,20261001,-20,ramp,confirmed_3m,504,0.0,0.0,0.0,0.0,0.0,0.0033068783068783067,0.0033068783068783067,0.001984126984126984,
Здоровье,local,20261001,20,permanent,trigger_only,504,0.025793650793650792,0.0,0.025793650793650792,0.0,0.025793650793650792,0.017857142857142856,0.017857142857142856,0.0,0.0
Здоровье,local,20261001,20,permanent,confirmed_3m,504,0.001984126984126984,0.0,0.001984126984126984,0.0,0.001984126984126984,0.0033068783068783067,0.0033068783068783067,0.0,2.0
Здоровье,local,20261001,20,one_month,trigger_only,504,0.03968253968253968,0.0,0.025793650793650792,0.013888888888888888,0.03968253968253968,0.017857142857142856,0.017857142857142856,0.0,0.0
Здоровье,local,20261001,20,one_month,confirmed_3m,504,0.0,0.0,0.0,0.0,0.0,0.0033068783068783067,0.0033068783068783067,0.0,
Здоровье,local,20261001,20,ramp,trigger_only,504,0.0,0.0,0.0,0.0,0.0,0.017857142857142856,0.017857142857142856,0.0,
Здоровье,local,20261001,20,ramp,confirmed_3m,504,0.0,0.0,0.0,0.0,0.0,0.0033068783068783067,0.0033068783068783067,0.0,
Здоровье,local,20261002,-20,permanent,trigger_only,504,0.011904761904761904,0.013888888888888888,0.007936507936507936,0.005952380952380952,0.001984126984126984,0.013227513227513227,0.013227513227513227,0.001984126984126984,2.0
Здоровье,local,20261002,-20,permanent,confirmed_3m,504,0.003968253968253968,0.003968253968253968,0.003968253968253968,0.0,0.001984126984126984,0.001984126984126984,0.001984126984126984,0.001984126984126984,4.0
Здоровье,local,20261002,-20,one_month,trigger_only,504,0.013888888888888888,0.013888888888888888,0.007936507936507936,0.007936507936507936,0.003968253968253968,0.013227513227513227,0.013227513227513227,0.001984126984126984,2.0
Здоровье,local,20261002,-20,one_month,confirmed_3m,504,0.003968253968253968,0.003968253968253968,0.003968253968253968,0.0,0.001984126984126984,0.001984126984126984,0.001984126984126984,0.001984126984126984,4.0
Здоровье,local,20261002,-20,ramp,trigger_only,504,0.013888888888888888,0.013888888888888888,0.007936507936507936,0.007936507936507936,0.001984126984126984,0.013227513227513227,0.013227513227513227,0.005952380952380952,1.0
Здоровье,local,20261002,-20,ramp,confirmed_3m,504,0.003968253968253968,0.003968253968253968,0.003968253968253968,0.0,0.001984126984126984,0.001984126984126984,0.001984126984126984,0.005952380952380952,3.5
Здоровье,local,20261002,20,permanent,trigger_only,504,0.031746031746031744,0.013888888888888888,0.031746031746031744,0.003968253968253968,0.017857142857142856,0.013227513227513227,0.013227513227513227,0.001984126984126984,0.0
Здоровье,local,20261002,20,permanent,confirmed_3m,504,0.011904761904761904,0.003968253968253968,0.00992063492063492,0.001984126984126984,0.007936507936507936,0.001984126984126984,0.001984126984126984,0.001984126984126984,2.0
Здоровье,local,20261002,20,one_month,trigger_only,504,0.051587301587301584,0.013888888888888888,0.031746031746031744,0.023809523809523808,0.037698412698412696,0.013227513227513227,0.013227513227513227,0.001984126984126984,0.5
Здоровье,local,20261002,20,one_month,confirmed_3m,504,0.007936507936507936,0.003968253968253968,0.003968253968253968,0.003968253968253968,0.003968253968253968,0.001984126984126984,0.001984126984126984,0.001984126984126984,2.5
Здоровье,local,20261002,20,ramp,trigger_only,504,0.013888888888888888,0.013888888888888888,0.011904761904761904,0.003968253968253968,0.0,0.013227513227513227,0.013227513227513227,0.001984126984126984,2.0
Здоровье,local,20261002,20,ramp,confirmed_3m,504,0.001984126984126984,0.003968253968253968,0.001984126984126984,0.0,0.0,0.001984126984126984,0.001984126984126984,0.001984126984126984,2.0
Здоровье,local,20261003,-20,permanent,trigger_only,504,0.017857142857142856,0.011904761904761904,0.013888888888888888,0.003968253968253968,0.007936507936507936,0.013888888888888888,0.013888888888888888,0.005952380952380952,2.0
Здоровье,local,20261003,-20,permanent,confirmed_3m,504,0.003968253968253968,0.003968253968253968,0.001984126984126984,0.001984126984126984,0.001984126984126984,0.001984126984126984,0.001984126984126984,0.005952380952380952,4.5
Здоровье,local,20261003,-20,one_month,trigger_only,504,0.023809523809523808,0.011904761904761904,0.013888888888888888,0.011904761904761904,0.013888888888888888,0.013888888888888888,0.013888888888888888,0.005952380952380952,1.0
Здоровье,local,20261003,-20,one_month,confirmed_3m,504,0.005952380952380952,0.003968253968253968,0.001984126984126984,0.003968253968253968,0.003968253968253968,0.001984126984126984,0.001984126984126984,0.005952380952380952,4.0
Здоровье,local,20261003,-20,ramp,trigger_only,504,0.015873015873015872,0.011904761904761904,0.007936507936507936,0.007936507936507936,0.003968253968253968,0.013888888888888888,0.013888888888888888,0.00992063492063492,4.5
Здоровье,local,20261003,-20,ramp,confirmed_3m,504,0.001984126984126984,0.003968253968253968,0.0,0.001984126984126984,0.0,0.001984126984126984,0.001984126984126984,0.00992063492063492,5.0
Здоровье,local,20261003,20,permanent,trigger_only,504,0.02976190476190476,0.011904761904761904,0.025793650793650792,0.003968253968253968,0.017857142857142856,0.013888888888888888,0.013888888888888888,0.005952380952380952,0.0
Здоровье,local,20261003,20,permanent,confirmed_3m,504,0.005952380952380952,0.003968253968253968,0.005952380952380952,0.0,0.001984126984126984,0.001984126984126984,0.001984126984126984,0.005952380952380952,2.0
Здоровье,local,20261003,20,one_month,trigger_only,504,0.04365079365079365,0.011904761904761904,0.025793650793650792,0.017857142857142856,0.031746031746031744,0.013888888888888888,0.013888888888888888,0.005952380952380952,0.0
Здоровье,local,20261003,20,one_month,confirmed_3m,504,0.003968253968253968,0.003968253968253968,0.003968253968253968,0.0,0.0,0.001984126984126984,0.001984126984126984,0.005952380952380952,3.5
Здоровье,local,20261003,20,ramp,trigger_only,504,0.011904761904761904,0.011904761904761904,0.007936507936507936,0.003968253968253968,0.0,0.013888888888888888,0.013888888888888888,0.005952380952380952,4.0
Здоровье,local,20261003,20,ramp,confirmed_3m,504,0.003968253968253968,0.003968253968253968,0.003968253968253968,0.0,0.0,0.001984126984126984,0.001984126984126984,0.005952380952380952,3.5
Маркетплейсы,national,all,-20,permanent,trigger_only,1,0.0,0.0,0.0,0.0,0.0,,,0.0,
Маркетплейсы,national,all,-20,permanent,confirmed_3m,1,0.0,0.0,0.0,0.0,0.0,,,0.0,
Маркетплейсы,national,all,-20,one_month,trigger_only,1,0.0,0.0,0.0,0.0,0.0,,,0.0,
Маркетплейсы,national,all,-20,one_month,confirmed_3m,1,0.0,0.0,0.0,0.0,0.0,,,0.0,
Маркетплейсы,national,all,-20,ramp,trigger_only,1,0.0,0.0,0.0,0.0,0.0,,,0.0,
Маркетплейсы,national,all,-20,ramp,confirmed_3m,1,0.0,0.0,0.0,0.0,0.0,,,0.0,
Маркетплейсы,national,all,20,permanent,trigger_only,1,0.0,0.0,0.0,0.0,0.0,,,0.0,
Маркетплейсы,national,all,20,permanent,confirmed_3m,1,0.0,0.0,0.0,0.0,0.0,,,0.0,
Маркетплейсы,national,all,20,one_month,trigger_only,1,0.0,0.0,0.0,0.0,0.0,,,0.0,
Маркетплейсы,national,all,20,one_month,confirmed_3m,1,0.0,0.0,0.0,0.0,0.0,,,0.0,
Маркетплейсы,national,all,20,ramp,trigger_only,1,0.0,0.0,0.0,0.0,0.0,,,0.0,
Маркетплейсы,national,all,20,ramp,confirmed_3m,1,0.0,0.0,0.0,0.0,0.0,,,0.0,
Маркетплейсы,regional,77,-20,permanent,trigger_only,1,0.0,0.0,0.0,0.0,0.0,0.0,0.0,0.0,
Маркетплейсы,regional,77,-20,permanent,confirmed_3m,1,0.0,0.0,0.0,0.0,0.0,0.0,0.0,0.0,
Маркетплейсы,regional,77,-20,one_month,trigger_only,1,0.0,0.0,0.0,0.0,0.0,0.0,0.0,0.0,
Маркетплейсы,regional,77,-20,one_month,confirmed_3m,1,0.0,0.0,0.0,0.0,0.0,0.0,0.0,0.0,
Маркетплейсы,regional,77,-20,ramp,trigger_only,1,0.0,0.0,0.0,0.0,0.0,0.0,0.0,0.0,
Маркетплейсы,regional,77,-20,ramp,confirmed_3m,1,0.0,0.0,0.0,0.0,0.0,0.0,0.0,0.0,
Маркетплейсы,regional,77,20,permanent,trigger_only,1,0.0,0.0,0.0,0.0,0.0,0.0,0.0,0.0,
Маркетплейсы,regional,77,20,permanent,confirmed_3m,1,0.0,0.0,0.0,0.0,0.0,0.0,0.0,0.0,
Маркетплейсы,regional,77,20,one_month,trigger_only,1,0.0,0.0,0.0,0.0,0.0,0.0,0.0,0.0,
Маркетплейсы,regional,77,20,one_month,confirmed_3m,1,0.0,0.0,0.0,0.0,0.0,0.0,0.0,0.0,
Маркетплейсы,regional,77,20,ramp,trigger_only,1,0.0,0.0,0.0,0.0,0.0,0.0,0.0,0.0,
Маркетплейсы,regional,77,20,ramp,confirmed_3m,1,0.0,0.0,0.0,0.0,0.0,0.0,0.0,0.0,
Маркетплейсы,regional,78,-20,permanent,trigger_only,1,0.0,0.0,0.0,0.0,0.0,0.0,0.0,0.0,
Маркетплейсы,regional,78,-20,permanent,confirmed_3m,1,0.0,0.0,0.0,0.0,0.0,0.0,0.0,0.0,
Маркетплейсы,regional,78,-20,one_month,trigger_only,1,0.0,0.0,0.0,0.0,0.0,0.0,0.0,0.0,
Маркетплейсы,regional,78,-20,one_month,confirmed_3m,1,0.0,0.0,0.0,0.0,0.0,0.0,0.0,0.0,
Маркетплейсы,regional,78,-20,ramp,trigger_only,1,0.0,0.0,0.0,0.0,0.0,0.0,0.0,0.0,
Маркетплейсы,regional,78,-20,ramp,confirmed_3m,1,0.0,0.0,0.0,0.0,0.0,0.0,0.0,0.0,
Маркетплейсы,regional,78,20,permanent,trigger_only,1,0.0,0.0,0.0,0.0,0.0,0.0,0.0,0.0,
Маркетплейсы,regional,78,20,permanent,confirmed_3m,1,0.0,0.0,0.0,0.0,0.0,0.0,0.0,0.0,
Маркетплейсы,regional,78,20,one_month,trigger_only,1,0.0,0.0,0.0,0.0,0.0,0.0,0.0,0.0,
Маркетплейсы,regional,78,20,one_month,confirmed_3m,1,0.0,0.0,0.0,0.0,0.0,0.0,0.0,0.0,
Маркетплейсы,regional,78,20,ramp,trigger_only,1,0.0,0.0,0.0,0.0,0.0,0.0,0.0,0.0,
Маркетплейсы,regional,78,20,ramp,confirmed_3m,1,0.0,0.0,0.0,0.0,0.0,0.0,0.0,0.0,
Маркетплейсы,regional,22,-20,permanent,trigger_only,1,0.0,0.0,0.0,0.0,0.0,0.0,0.0,0.0,
Маркетплейсы,regional,22,-20,permanent,confirmed_3m,1,0.0,0.0,0.0,0.0,0.0,0.0,0.0,0.0,
Маркетплейсы,regional,22,-20,one_month,trigger_only,1,0.0,0.0,0.0,0.0,0.0,0.0,0.0,0.0,
Маркетплейсы,regional,22,-20,one_month,confirmed_3m,1,0.0,0.0,0.0,0.0,0.0,0.0,0.0,0.0,
Маркетплейсы,regional,22,-20,ramp,trigger_only,1,0.0,0.0,0.0,0.0,0.0,0.0,0.0,0.0,
Маркетплейсы,regional,22,-20,ramp,confirmed_3m,1,0.0,0.0,0.0,0.0,0.0,0.0,0.0,0.0,
Маркетплейсы,regional,22,20,permanent,trigger_only,1,0.0,0.0,0.0,0.0,0.0,0.0,0.0,0.0,
Маркетплейсы,regional,22,20,permanent,confirmed_3m,1,0.0,0.0,0.0,0.0,0.0,0.0,0.0,0.0,
Маркетплейсы,regional,22,20,one_month,trigger_only,1,0.0,0.0,0.0,0.0,0.0,0.0,0.0,0.0,
Маркетплейсы,regional,22,20,one_month,confirmed_3m,1,0.0,0.0,0.0,0.0,0.0,0.0,0.0,0.0,
Маркетплейсы,regional,22,20,ramp,trigger_only,1,0.0,0.0,0.0,0.0,0.0,0.0,0.0,0.0,
Маркетплейсы,regional,22,20,ramp,confirmed_3m,1,0.0,0.0,0.0,0.0,0.0,0.0,0.0,0.0,
Маркетплейсы,local,20261001,-20,permanent,trigger_only,504,0.0,0.0,0.0,0.0,0.0,0.0,0.0,0.0,
Маркетплейсы,local,20261001,-20,permanent,confirmed_3m,504,0.0,0.0,0.0,0.0,0.0,0.0,0.0,0.0,
Маркетплейсы,local,20261001,-20,one_month,trigger_only,504,0.0,0.0,0.0,0.0,0.0,0.0,0.0,0.0,
Маркетплейсы,local,20261001,-20,one_month,confirmed_3m,504,0.0,0.0,0.0,0.0,0.0,0.0,0.0,0.0,
Маркетплейсы,local,20261001,-20,ramp,trigger_only,504,0.0,0.0,0.0,0.0,0.0,0.0,0.0,0.0,
Маркетплейсы,local,20261001,-20,ramp,confirmed_3m,504,0.0,0.0,0.0,0.0,0.0,0.0,0.0,0.0,
Маркетплейсы,local,20261001,20,permanent,trigger_only,504,0.0,0.0,0.0,0.0,0.0,0.0,0.0,0.0,
Маркетплейсы,local,20261001,20,permanent,confirmed_3m,504,0.0,0.0,0.0,0.0,0.0,0.0,0.0,0.0,
Маркетплейсы,local,20261001,20,one_month,trigger_only,504,0.0,0.0,0.0,0.0,0.0,0.0,0.0,0.0,
Маркетплейсы,local,20261001,20,one_month,confirmed_3m,504,0.0,0.0,0.0,0.0,0.0,0.0,0.0,0.0,
Маркетплейсы,local,20261001,20,ramp,trigger_only,504,0.0,0.0,0.0,0.0,0.0,0.0,0.0,0.0,
Маркетплейсы,local,20261001,20,ramp,confirmed_3m,504,0.0,0.0,0.0,0.0,0.0,0.0,0.0,0.0,
Маркетплейсы,local,20261002,-20,permanent,trigger_only,504,0.0,0.0,0.0,0.0,0.0,0.0,0.0,0.0,
Маркетплейсы,local,20261002,-20,permanent,confirmed_3m,504,0.0,0.0,0.0,0.0,0.0,0.0,0.0,0.0,
Маркетплейсы,local,20261002,-20,one_month,trigger_only,504,0.0,0.0,0.0,0.0,0.0,0.0,0.0,0.0,
Маркетплейсы,local,20261002,-20,one_month,confirmed_3m,504,0.0,0.0,0.0,0.0,0.0,0.0,0.0,0.0,
Маркетплейсы,local,20261002,-20,ramp,trigger_only,504,0.0,0.0,0.0,0.0,0.0,0.0,0.0,0.0,
Маркетплейсы,local,20261002,-20,ramp,confirmed_3m,504,0.0,0.0,0.0,0.0,0.0,0.0,0.0,0.0,
Маркетплейсы,local,20261002,20,permanent,trigger_only,504,0.0,0.0,0.0,0.0,0.0,0.0,0.0,0.0,
Маркетплейсы,local,20261002,20,permanent,confirmed_3m,504,0.0,0.0,0.0,0.0,0.0,0.0,0.0,0.0,
Маркетплейсы,local,20261002,20,one_month,trigger_only,504,0.0,0.0,0.0,0.0,0.0,0.0,0.0,0.0,
Маркетплейсы,local,20261002,20,one_month,confirmed_3m,504,0.0,0.0,0.0,0.0,0.0,0.0,0.0,0.0,
Маркетплейсы,local,20261002,20,ramp,trigger_only,504,0.0,0.0,0.0,0.0,0.0,0.0,0.0,0.0,
Маркетплейсы,local,20261002,20,ramp,confirmed_3m,504,0.0,0.0,0.0,0.0,0.0,0.0,0.0,0.0,
Маркетплейсы,local,20261003,-20,permanent,trigger_only,504,0.0,0.0,0.0,0.0,0.0,0.0,0.0,0.0,
Маркетплейсы,local,20261003,-20,permanent,confirmed_3m,504,0.0,0.0,0.0,0.0,0.0,0.0,0.0,0.0,
Маркетплейсы,local,20261003,-20,one_month,trigger_only,504,0.0,0.0,0.0,0.0,0.0,0.0,0.0,0.0,
Маркетплейсы,local,20261003,-20,one_month,confirmed_3m,504,0.0,0.0,0.0,0.0,0.0,0.0,0.0,0.0,
Маркетплейсы,local,20261003,-20,ramp,trigger_only,504,0.0,0.0,0.0,0.0,0.0,0.0,0.0,0.0,
Маркетплейсы,local,20261003,-20,ramp,confirmed_3m,504,0.0,0.0,0.0,0.0,0.0,0.0,0.0,0.0,
Маркетплейсы,local,20261003,20,permanent,trigger_only,504,0.0,0.0,0.0,0.0,0.0,0.0,0.0,0.0,
Маркетплейсы,local,20261003,20,permanent,confirmed_3m,504,0.0,0.0,0.0,0.0,0.0,0.0,0.0,0.0,
Маркетплейсы,local,20261003,20,one_month,trigger_only,504,0.0,0.0,0.0,0.0,0.0,0.0,0.0,0.0,
Маркетплейсы,local,20261003,20,one_month,confirmed_3m,504,0.0,0.0,0.0,0.0,0.0,0.0,0.0,0.0,
Маркетплейсы,local,20261003,20,ramp,trigger_only,504,0.0,0.0,0.0,0.0,0.0,0.0,0.0,0.0,
Маркетплейсы,local,20261003,20,ramp,confirmed_3m,504,0.0,0.0,0.0,0.0,0.0,0.0,0.0,0.0,
Общественное питание,national,all,-20,permanent,trigger_only,1,1.0,1.0,1.0,0.0,0.0,,,0.0,0.0
Общественное питание,national,all,-20,permanent,confirmed_3m,1,1.0,0.0,1.0,0.0,1.0,,,0.0,2.0
Общественное питание,national,all,-20,one_month,trigger_only,1,1.0,1.0,1.0,0.0,0.0,,,0.0,0.0
Общественное питание,national,all,-20,one_month,confirmed_3m,1,0.0,0.0,0.0,0.0,0.0,,,0.0,
Общественное питание,national,all,-20,ramp,trigger_only,1,1.0,1.0,1.0,0.0,0.0,,,0.0,2.0
Общественное питание,national,all,-20,ramp,confirmed_3m,1,1.0,0.0,1.0,0.0,1.0,,,0.0,4.0
Общественное питание,national,all,20,permanent,trigger_only,1,1.0,1.0,1.0,0.0,0.0,,,0.0,0.0
Общественное питание,national,all,20,permanent,confirmed_3m,1,1.0,0.0,1.0,0.0,1.0,,,0.0,2.0
Общественное питание,national,all,20,one_month,trigger_only,1,1.0,1.0,1.0,1.0,0.0,,,0.0,0.0
Общественное питание,national,all,20,one_month,confirmed_3m,1,0.0,0.0,0.0,0.0,0.0,,,0.0,
Общественное питание,national,all,20,ramp,trigger_only,1,1.0,1.0,1.0,0.0,0.0,,,0.0,3.0
Общественное питание,national,all,20,ramp,confirmed_3m,1,0.0,0.0,0.0,0.0,0.0,,,0.0,
Общественное питание,regional,77,-20,permanent,trigger_only,1,1.0,0.0,1.0,0.0,1.0,0.22580645161290322,0.22580645161290322,0.0,0.0
Общественное питание,regional,77,-20,permanent,confirmed_3m,1,1.0,0.0,1.0,0.0,1.0,0.04838709677419355,0.04838709677419355,0.0,2.0
Общественное питание,regional,77,-20,one_month,trigger_only,1,1.0,0.0,1.0,0.0,1.0,0.22580645161290322,0.22580645161290322,0.0,0.0
Общественное питание,regional,77,-20,one_month,confirmed_3m,1,0.0,0.0,0.0,0.0,0.0,0.04838709677419355,0.04838709677419355,0.0,
Общественное питание,regional,77,-20,ramp,trigger_only,1,0.0,0.0,0.0,0.0,0.0,0.22580645161290322,0.22580645161290322,0.0,
Общественное питание,regional,77,-20,ramp,confirmed_3m,1,0.0,0.0,0.0,0.0,0.0,0.04838709677419355,0.04838709677419355,0.0,
Общественное питание,regional,77,20,permanent,trigger_only,1,1.0,0.0,1.0,0.0,1.0,0.22580645161290322,0.22580645161290322,0.0,0.0
Общественное питание,regional,77,20,permanent,confirmed_3m,1,1.0,0.0,1.0,0.0,1.0,0.04838709677419355,0.04838709677419355,0.0,2.0
Общественное питание,regional,77,20,one_month,trigger_only,1,1.0,0.0,1.0,0.0,1.0,0.22580645161290322,0.22580645161290322,0.0,0.0
Общественное питание,regional,77,20,one_month,confirmed_3m,1,0.0,0.0,0.0,0.0,0.0,0.04838709677419355,0.04838709677419355,0.0,
Общественное питание,regional,77,20,ramp,trigger_only,1,0.0,0.0,0.0,0.0,0.0,0.22580645161290322,0.22580645161290322,0.0,
Общественное питание,regional,77,20,ramp,confirmed_3m,1,0.0,0.0,0.0,0.0,0.0,0.04838709677419355,0.04838709677419355,0.0,
Общественное питание,regional,78,-20,permanent,trigger_only,1,1.0,0.0,1.0,0.0,1.0,0.22580645161290322,0.22580645161290322,0.0,0.0
Общественное питание,regional,78,-20,permanent,confirmed_3m,1,1.0,0.0,1.0,0.0,1.0,0.04838709677419355,0.04838709677419355,0.0,2.0
Общественное питание,regional,78,-20,one_month,trigger_only,1,1.0,0.0,1.0,0.0,1.0,0.22580645161290322,0.22580645161290322,0.0,0.0
Общественное питание,regional,78,-20,one_month,confirmed_3m,1,0.0,0.0,0.0,0.0,0.0,0.04838709677419355,0.04838709677419355,0.0,
Общественное питание,regional,78,-20,ramp,trigger_only,1,0.0,0.0,0.0,0.0,0.0,0.22580645161290322,0.22580645161290322,0.0,
Общественное питание,regional,78,-20,ramp,confirmed_3m,1,0.0,0.0,0.0,0.0,0.0,0.04838709677419355,0.04838709677419355,0.0,
Общественное питание,regional,78,20,permanent,trigger_only,1,0.0,0.0,0.0,0.0,0.0,0.22580645161290322,0.22580645161290322,0.0,
Общественное питание,regional,78,20,permanent,confirmed_3m,1,0.0,0.0,0.0,0.0,0.0,0.04838709677419355,0.04838709677419355,0.0,
Общественное питание,regional,78,20,one_month,trigger_only,1,1.0,0.0,0.0,1.0,1.0,0.22580645161290322,0.22580645161290322,0.0,1.0
Общественное питание,regional,78,20,one_month,confirmed_3m,1,0.0,0.0,0.0,0.0,0.0,0.04838709677419355,0.04838709677419355,0.0,
Общественное питание,regional,78,20,ramp,trigger_only,1,1.0,0.0,1.0,0.0,1.0,0.22580645161290322,0.22580645161290322,0.0,3.0
Общественное питание,regional,78,20,ramp,confirmed_3m,1,1.0,0.0,1.0,0.0,1.0,0.04838709677419355,0.04838709677419355,0.0,5.0
Общественное питание,regional,22,-20,permanent,trigger_only,1,1.0,0.0,1.0,0.0,1.0,0.22580645161290322,0.22580645161290322,0.0,0.0
Общественное питание,regional,22,-20,permanent,confirmed_3m,1,1.0,0.0,1.0,0.0,1.0,0.04838709677419355,0.04838709677419355,0.0,2.0
Общественное питание,regional,22,-20,one_month,trigger_only,1,1.0,0.0,1.0,0.0,1.0,0.22580645161290322,0.22580645161290322,0.0,0.0
Общественное питание,regional,22,-20,one_month,confirmed_3m,1,0.0,0.0,0.0,0.0,0.0,0.04838709677419355,0.04838709677419355,0.0,
Общественное питание,regional,22,-20,ramp,trigger_only,1,0.0,0.0,0.0,0.0,0.0,0.22580645161290322,0.22580645161290322,0.0,
Общественное питание,regional,22,-20,ramp,confirmed_3m,1,0.0,0.0,0.0,0.0,0.0,0.04838709677419355,0.04838709677419355,0.0,
Общественное питание,regional,22,20,permanent,trigger_only,1,1.0,0.0,1.0,0.0,1.0,0.22580645161290322,0.22580645161290322,0.0,0.0
Общественное питание,regional,22,20,permanent,confirmed_3m,1,0.0,0.0,0.0,0.0,0.0,0.04838709677419355,0.04838709677419355,0.0,
Общественное питание,regional,22,20,one_month,trigger_only,1,1.0,0.0,1.0,0.0,1.0,0.22580645161290322,0.22580645161290322,0.0,0.0
Общественное питание,regional,22,20,one_month,confirmed_3m,1,0.0,0.0,0.0,0.0,0.0,0.04838709677419355,0.04838709677419355,0.0,
Общественное питание,regional,22,20,ramp,trigger_only,1,0.0,0.0,0.0,0.0,0.0,0.22580645161290322,0.22580645161290322,0.0,
Общественное питание,regional,22,20,ramp,confirmed_3m,1,0.0,0.0,0.0,0.0,0.0,0.04838709677419355,0.04838709677419355,0.0,
Общественное питание,local,20261001,-20,permanent,trigger_only,504,0.0,0.0,0.0,0.0,0.0,0.005291005291005291,0.005291005291005291,0.0,
Общественное питание,local,20261001,-20,permanent,confirmed_3m,504,0.0,0.0,0.0,0.0,0.0,0.0,0.0,0.0,
Общественное питание,local,20261001,-20,one_month,trigger_only,504,0.0,0.0,0.0,0.0,0.0,0.005291005291005291,0.005291005291005291,0.0,
Общественное питание,local,20261001,-20,one_month,confirmed_3m,504,0.0,0.0,0.0,0.0,0.0,0.0,0.0,0.0,
Общественное питание,local,20261001,-20,ramp,trigger_only,504,0.0,0.0,0.0,0.0,0.0,0.005291005291005291,0.005291005291005291,0.0,
Общественное питание,local,20261001,-20,ramp,confirmed_3m,504,0.0,0.0,0.0,0.0,0.0,0.0,0.0,0.0,
Общественное питание,local,20261001,20,permanent,trigger_only,504,0.0,0.0,0.0,0.0,0.0,0.005291005291005291,0.005291005291005291,0.0,
Общественное питание,local,20261001,20,permanent,confirmed_3m,504,0.0,0.0,0.0,0.0,0.0,0.0,0.0,0.0,
Общественное питание,local,20261001,20,one_month,trigger_only,504,0.0,0.0,0.0,0.0,0.0,0.005291005291005291,0.005291005291005291,0.0,
Общественное питание,local,20261001,20,one_month,confirmed_3m,504,0.0,0.0,0.0,0.0,0.0,0.0,0.0,0.0,
Общественное питание,local,20261001,20,ramp,trigger_only,504,0.0,0.0,0.0,0.0,0.0,0.005291005291005291,0.005291005291005291,0.0,
Общественное питание,local,20261001,20,ramp,confirmed_3m,504,0.0,0.0,0.0,0.0,0.0,0.0,0.0,0.0,
Общественное питание,local,20261002,-20,permanent,trigger_only,504,0.00992063492063492,0.00992063492063492,0.007936507936507936,0.001984126984126984,0.0,0.001984126984126984,0.001984126984126984,0.005952380952380952,4.0
Общественное питание,local,20261002,-20,permanent,confirmed_3m,504,0.0,0.0,0.0,0.0,0.0,0.0,0.0,0.005952380952380952,
Общественное питание,local,20261002,-20,one_month,trigger_only,504,0.007936507936507936,0.00992063492063492,0.005952380952380952,0.001984126984126984,0.0,0.001984126984126984,0.001984126984126984,0.005952380952380952,4.5
Общественное питание,local,20261002,-20,one_month,confirmed_3m,504,0.0,0.0,0.0,0.0,0.0,0.0,0.0,0.005952380952380952,
Общественное питание,local,20261002,-20,ramp,trigger_only,504,0.00992063492063492,0.00992063492063492,0.007936507936507936,0.001984126984126984,0.0,0.001984126984126984,0.001984126984126984,0.005952380952380952,4.0
Общественное питание,local,20261002,-20,ramp,confirmed_3m,504,0.001984126984126984,0.0,0.001984126984126984,0.0,0.001984126984126984,0.0,0.0,0.005952380952380952,3.0
Общественное питание,local,20261002,20,permanent,trigger_only,504,0.011904761904761904,0.00992063492063492,0.003968253968253968,0.007936507936507936,0.001984126984126984,0.001984126984126984,0.001984126984126984,0.005952380952380952,3.0
Общественное питание,local,20261002,20,permanent,confirmed_3m,504,0.0,0.0,0.0,0.0,0.0,0.0,0.0,0.005952380952380952,
Общественное питание,local,20261002,20,one_month,trigger_only,504,0.011904761904761904,0.00992063492063492,0.003968253968253968,0.007936507936507936,0.001984126984126984,0.001984126984126984,0.001984126984126984,0.005952380952380952,3.0
Общественное питание,local,20261002,20,one_month,confirmed_3m,504,0.001984126984126984,0.0,0.0,0.001984126984126984,0.001984126984126984,0.0,0.0,0.005952380952380952,3.0
Общественное питание,local,20261002,20,ramp,trigger_only,504,0.011904761904761904,0.00992063492063492,0.003968253968253968,0.007936507936507936,0.001984126984126984,0.001984126984126984,0.001984126984126984,0.007936507936507936,4.5
Общественное питание,local,20261002,20,ramp,confirmed_3m,504,0.0,0.0,0.0,0.0,0.0,0.0,0.0,0.007936507936507936,
Общественное питание,local,20261003,-20,permanent,trigger_only,504,0.007936507936507936,0.007936507936507936,0.005952380952380952,0.001984126984126984,0.0,0.0026455026455026454,0.0026455026455026454,0.005952380952380952,4.5
Общественное питание,local,20261003,-20,permanent,confirmed_3m,504,0.0,0.0,0.0,0.0,0.0,0.0,0.0,0.005952380952380952,
Общественное питание,local,20261003,-20,one_month,trigger_only,504,0.007936507936507936,0.007936507936507936,0.005952380952380952,0.001984126984126984,0.0,0.0026455026455026454,0.0026455026455026454,0.005952380952380952,4.5
Общественное питание,local,20261003,-20,one_month,confirmed_3m,504,0.0,0.0,0.0,0.0,0.0,0.0,0.0,0.005952380952380952,
Общественное питание,local,20261003,-20,ramp,trigger_only,504,0.007936507936507936,0.007936507936507936,0.005952380952380952,0.001984126984126984,0.0,0.0026455026455026454,0.0026455026455026454,0.005952380952380952,4.5
Общественное питание,local,20261003,-20,ramp,confirmed_3m,504,0.0,0.0,0.0,0.0,0.0,0.0,0.0,0.005952380952380952,
Общественное питание,local,20261003,20,permanent,trigger_only,504,0.007936507936507936,0.007936507936507936,0.001984126984126984,0.005952380952380952,0.0,0.0026455026455026454,0.0026455026455026454,0.005952380952380952,4.5
Общественное питание,local,20261003,20,permanent,confirmed_3m,504,0.0,0.0,0.0,0.0,0.0,0.0,0.0,0.005952380952380952,
Общественное питание,local,20261003,20,one_month,trigger_only,504,0.007936507936507936,0.007936507936507936,0.001984126984126984,0.005952380952380952,0.0,0.0026455026455026454,0.0026455026455026454,0.005952380952380952,4.5
Общественное питание,local,20261003,20,one_month,confirmed_3m,504,0.0,0.0,0.0,0.0,0.0,0.0,0.0,0.005952380952380952,
Общественное питание,local,20261003,20,ramp,trigger_only,504,0.007936507936507936,0.007936507936507936,0.001984126984126984,0.005952380952380952,0.0,0.0026455026455026454,0.0026455026455026454,0.005952380952380952,4.5
Общественное питание,local,20261003,20,ramp,confirmed_3m,504,0.0,0.0,0.0,0.0,0.0,0.0,0.0,0.005952380952380952,
Продовольствие,national,all,-20,permanent,trigger_only,1,1.0,0.0,1.0,0.0,1.0,,,0.0,0.0
Продовольствие,national,all,-20,permanent,confirmed_3m,1,1.0,0.0,1.0,0.0,1.0,,,0.0,2.0
Продовольствие,national,all,-20,one_month,trigger_only,1,1.0,0.0,1.0,0.0,1.0,,,0.0,0.0
Продовольствие,national,all,-20,one_month,confirmed_3m,1,0.0,0.0,0.0,0.0,0.0,,,0.0,
Продовольствие,national,all,-20,ramp,trigger_only,1,1.0,0.0,1.0,0.0,1.0,,,1.0,1.0
Продовольствие,national,all,-20,ramp,confirmed_3m,1,1.0,0.0,1.0,0.0,1.0,,,1.0,3.0
Продовольствие,national,all,20,permanent,trigger_only,1,1.0,0.0,1.0,0.0,1.0,,,0.0,0.0
Продовольствие,national,all,20,permanent,confirmed_3m,1,1.0,0.0,1.0,0.0,1.0,,,0.0,2.0
Продовольствие,national,all,20,one_month,trigger_only,1,1.0,0.0,1.0,0.0,1.0,,,0.0,0.0
Продовольствие,national,all,20,one_month,confirmed_3m,1,0.0,0.0,0.0,0.0,0.0,,,0.0,
Продовольствие,national,all,20,ramp,trigger_only,1,0.0,0.0,0.0,0.0,0.0,,,0.0,
Продовольствие,national,all,20,ramp,confirmed_3m,1,0.0,0.0,0.0,0.0,0.0,,,0.0,
Продовольствие,regional,77,-20,permanent,trigger_only,1,1.0,0.0,1.0,0.0,1.0,0.08064516129032258,0.08064516129032258,0.0,0.0
Продовольствие,regional,77,-20,permanent,confirmed_3m,1,1.0,0.0,1.0,0.0,1.0,0.03225806451612903,0.03225806451612903,0.0,2.0
Продовольствие,regional,77,-20,one_month,trigger_only,1,1.0,0.0,1.0,0.0,1.0,0.08064516129032258,0.08064516129032258,0.0,0.0
Продовольствие,regional,77,-20,one_month,confirmed_3m,1,0.0,0.0,0.0,0.0,0.0,0.03225806451612903,0.03225806451612903,0.0,
Продовольствие,regional,77,-20,ramp,trigger_only,1,0.0,0.0,0.0,0.0,0.0,0.08064516129032258,0.08064516129032258,0.0,
Продовольствие,regional,77,-20,ramp,confirmed_3m,1,0.0,0.0,0.0,0.0,0.0,0.03225806451612903,0.03225806451612903,0.0,
Продовольствие,regional,77,20,permanent,trigger_only,1,1.0,0.0,1.0,0.0,1.0,0.08064516129032258,0.08064516129032258,0.0,0.0
Продовольствие,regional,77,20,permanent,confirmed_3m,1,1.0,0.0,1.0,0.0,1.0,0.03225806451612903,0.03225806451612903,0.0,2.0
Продовольствие,regional,77,20,one_month,trigger_only,1,1.0,0.0,1.0,0.0,1.0,0.08064516129032258,0.08064516129032258,0.0,0.0
Продовольствие,regional,77,20,one_month,confirmed_3m,1,0.0,0.0,0.0,0.0,0.0,0.03225806451612903,0.03225806451612903,0.0,
Продовольствие,regional,77,20,ramp,trigger_only,1,0.0,0.0,0.0,0.0,0.0,0.08064516129032258,0.08064516129032258,0.0,
Продовольствие,regional,77,20,ramp,confirmed_3m,1,0.0,0.0,0.0,0.0,0.0,0.03225806451612903,0.03225806451612903,0.0,
Продовольствие,regional,78,-20,permanent,trigger_only,1,1.0,0.0,1.0,0.0,1.0,0.08064516129032258,0.08064516129032258,0.0,0.0
Продовольствие,regional,78,-20,permanent,confirmed_3m,1,1.0,0.0,1.0,0.0,1.0,0.03225806451612903,0.03225806451612903,0.0,2.0
Продовольствие,regional,78,-20,one_month,trigger_only,1,1.0,0.0,1.0,0.0,1.0,0.08064516129032258,0.08064516129032258,0.0,0.0
Продовольствие,regional,78,-20,one_month,confirmed_3m,1,0.0,0.0,0.0,0.0,0.0,0.03225806451612903,0.03225806451612903,0.0,
Продовольствие,regional,78,-20,ramp,trigger_only,1,0.0,0.0,0.0,0.0,0.0,0.08064516129032258,0.08064516129032258,0.0,
Продовольствие,regional,78,-20,ramp,confirmed_3m,1,0.0,0.0,0.0,0.0,0.0,0.03225806451612903,0.03225806451612903,0.0,
Продовольствие,regional,78,20,permanent,trigger_only,1,1.0,0.0,1.0,0.0,1.0,0.08064516129032258,0.08064516129032258,0.0,0.0
Продовольствие,regional,78,20,permanent,confirmed_3m,1,1.0,0.0,1.0,0.0,1.0,0.03225806451612903,0.03225806451612903,0.0,2.0
Продовольствие,regional,78,20,one_month,trigger_only,1,1.0,0.0,1.0,0.0,1.0,0.08064516129032258,0.08064516129032258,0.0,0.0
Продовольствие,regional,78,20,one_month,confirmed_3m,1,0.0,0.0,0.0,0.0,0.0,0.03225806451612903,0.03225806451612903,0.0,
Продовольствие,regional,78,20,ramp,trigger_only,1,0.0,0.0,0.0,0.0,0.0,0.08064516129032258,0.08064516129032258,0.0,
Продовольствие,regional,78,20,ramp,confirmed_3m,1,0.0,0.0,0.0,0.0,0.0,0.03225806451612903,0.03225806451612903,0.0,
Продовольствие,regional,22,-20,permanent,trigger_only,1,1.0,1.0,1.0,1.0,0.0,0.06451612903225806,0.06451612903225806,0.0,0.0
Продовольствие,regional,22,-20,permanent,confirmed_3m,1,1.0,0.0,1.0,0.0,1.0,0.03225806451612903,0.03225806451612903,0.0,2.0
Продовольствие,regional,22,-20,one_month,trigger_only,1,1.0,1.0,1.0,1.0,0.0,0.06451612903225806,0.06451612903225806,0.0,0.0
Продовольствие,regional,22,-20,one_month,confirmed_3m,1,1.0,0.0,1.0,0.0,1.0,0.03225806451612903,0.03225806451612903,0.0,2.0
Продовольствие,regional,22,-20,ramp,trigger_only,1,1.0,1.0,1.0,0.0,0.0,0.06451612903225806,0.06451612903225806,1.0,1.0
Продовольствие,regional,22,-20,ramp,confirmed_3m,1,1.0,0.0,1.0,0.0,1.0,0.03225806451612903,0.03225806451612903,1.0,3.0
Продовольствие,regional,22,20,permanent,trigger_only,1,1.0,1.0,1.0,0.0,0.0,0.06451612903225806,0.06451612903225806,0.0,0.0
Продовольствие,regional,22,20,permanent,confirmed_3m,1,1.0,0.0,1.0,0.0,1.0,0.03225806451612903,0.03225806451612903,0.0,2.0
Продовольствие,regional,22,20,one_month,trigger_only,1,1.0,1.0,1.0,0.0,0.0,0.06451612903225806,0.06451612903225806,0.0,0.0
Продовольствие,regional,22,20,one_month,confirmed_3m,1,0.0,0.0,0.0,0.0,0.0,0.03225806451612903,0.03225806451612903,0.0,
Продовольствие,regional,22,20,ramp,trigger_only,1,1.0,1.0,1.0,0.0,0.0,0.06451612903225806,0.06451612903225806,0.0,3.0
Продовольствие,regional,22,20,ramp,confirmed_3m,1,1.0,0.0,1.0,0.0,1.0,0.03225806451612903,0.03225806451612903,0.0,5.0
Продовольствие,local,20261001,-20,permanent,trigger_only,504,0.9861111111111112,0.003968253968253968,0.9861111111111112,0.001984126984126984,0.9821428571428571,0.004629629629629629,0.004629629629629629,0.001984126984126984,0.0
Продовольствие,local,20261001,-20,permanent,confirmed_3m,504,0.9841269841269841,0.0,0.9841269841269841,0.0,0.9841269841269841,0.0013227513227513227,0.0013227513227513227,0.001984126984126984,2.0
Продовольствие,local,20261001,-20,one_month,trigger_only,504,0.9940476190476191,0.003968253968253968,0.9861111111111112,0.011904761904761904,0.9900793650793651,0.004629629629629629,0.004629629629629629,0.001984126984126984,0.0
Продовольствие,local,20261001,-20,one_month,confirmed_3m,504,0.001984126984126984,0.0,0.0,0.001984126984126984,0.001984126984126984,0.0013227513227513227,0.0013227513227513227,0.001984126984126984,3.0
Продовольствие,local,20261001,-20,ramp,trigger_only,504,0.017857142857142856,0.003968253968253968,0.017857142857142856,0.0,0.013888888888888888,0.004629629629629629,0.004629629629629629,0.00992063492063492,4.0
Продовольствие,local,20261001,-20,ramp,confirmed_3m,504,0.003968253968253968,0.0,0.003968253968253968,0.0,0.003968253968253968,0.0013227513227513227,0.0013227513227513227,0.00992063492063492,3.0
Продовольствие,local,20261001,20,permanent,trigger_only,504,0.49603174603174605,0.003968253968253968,0.49603174603174605,0.001984126984126984,0.49206349206349204,0.004629629629629629,0.004629629629629629,0.001984126984126984,0.0
Продовольствие,local,20261001,20,permanent,confirmed_3m,504,0.051587301587301584,0.0,0.051587301587301584,0.0,0.051587301587301584,0.0013227513227513227,0.0013227513227513227,0.001984126984126984,2.0
Продовольствие,local,20261001,20,one_month,trigger_only,504,0.9761904761904762,0.003968253968253968,0.49603174603174605,0.48214285714285715,0.9722222222222222,0.004629629629629629,0.004629629629629629,0.001984126984126984,0.0
Продовольствие,local,20261001,20,one_month,confirmed_3m,504,0.35912698412698413,0.0,0.0,0.35912698412698413,0.35912698412698413,0.0013227513227513227,0.0013227513227513227,0.001984126984126984,3.0
Продовольствие,local,20261001,20,ramp,trigger_only,504,0.003968253968253968,0.003968253968253968,0.001984126984126984,0.001984126984126984,0.0,0.004629629629629629,0.004629629629629629,0.001984126984126984,4.0
Продовольствие,local,20261001,20,ramp,confirmed_3m,504,0.0,0.0,0.0,0.0,0.0,0.0013227513227513227,0.0013227513227513227,0.001984126984126984,
Продовольствие,local,20261002,-20,permanent,trigger_only,504,0.9841269841269841,0.007936507936507936,0.9841269841269841,0.001984126984126984,0.9761904761904762,0.0033068783068783067,0.0033068783068783067,0.003968253968253968,0.0
Продовольствие,local,20261002,-20,permanent,confirmed_3m,504,0.9801587301587301,0.001984126984126984,0.9801587301587301,0.0,0.9781746031746031,0.0006613756613756613,0.0006613756613756613,0.003968253968253968,2.0
Продовольствие,local,20261002,-20,one_month,trigger_only,504,0.9920634920634921,0.007936507936507936,0.9841269841269841,0.00992063492063492,0.9841269841269841,0.0033068783068783067,0.0033068783068783067,0.003968253968253968,0.0
Продовольствие,local,20261002,-20,one_month,confirmed_3m,504,0.007936507936507936,0.001984126984126984,0.003968253968253968,0.003968253968253968,0.005952380952380952,0.0006613756613756613,0.0006613756613756613,0.003968253968253968,2.5
Продовольствие,local,20261002,-20,ramp,trigger_only,504,0.021825396825396824,0.007936507936507936,0.021825396825396824,0.0,0.013888888888888888,0.0033068783068783067,0.0033068783068783067,0.00992063492063492,2.0
Продовольствие,local,20261002,-20,ramp,confirmed_3m,504,0.00992063492063492,0.001984126984126984,0.00992063492063492,0.0,0.007936507936507936,0.0006613756613756613,0.0006613756613756613,0.00992063492063492,3.0
Продовольствие,local,20261002,20,permanent,trigger_only,504,0.44047619047619047,0.007936507936507936,0.44047619047619047,0.003968253968253968,0.43253968253968256,0.0033068783068783067,0.0033068783068783067,0.003968253968253968,0.0
Продовольствие,local,20261002,20,permanent,confirmed_3m,504,0.03968253968253968,0.001984126984126984,0.03968253968253968,0.0,0.03968253968253968,0.0006613756613756613,0.0006613756613756613,0.003968253968253968,2.0
Продовольствие,local,20261002,20,one_month,trigger_only,504,0.9761904761904762,0.007936507936507936,0.44047619047619047,0.5396825396825397,0.9682539682539683,0.0033068783068783067,0.0033068783068783067,0.003968253968253968,1.0
Продовольствие,local,20261002,20,one_month,confirmed_3m,504,0.4027777777777778,0.001984126984126984,0.0,0.4027777777777778,0.4027777777777778,0.0006613756613756613,0.0006613756613756613,0.003968253968253968,3.0
Продовольствие,local,20261002,20,ramp,trigger_only,504,0.003968253968253968,0.007936507936507936,0.001984126984126984,0.001984126984126984,0.0,0.0033068783068783067,0.0033068783068783067,0.001984126984126984,4.0
Продовольствие,local,20261002,20,ramp,confirmed_3m,504,0.0,0.001984126984126984,0.0,0.0,0.0,0.0006613756613756613,0.0006613756613756613,0.001984126984126984,
Продовольствие,local,20261003,-20,permanent,trigger_only,504,0.9702380952380952,0.001984126984126984,0.9702380952380952,0.0,0.9682539682539683,0.005291005291005291,0.005291005291005291,0.0,0.0
Продовольствие,local,20261003,-20,permanent,confirmed_3m,504,0.9702380952380952,0.0,0.9702380952380952,0.0,0.9702380952380952,0.0013227513227513227,0.0013227513227513227,0.0,2.0
Продовольствие,local,20261003,-20,one_month,trigger_only,504,0.9801587301587301,0.001984126984126984,0.9702380952380952,0.00992063492063492,0.9781746031746031,0.005291005291005291,0.005291005291005291,0.0,0.0
Продовольствие,local,20261003,-20,one_month,confirmed_3m,504,0.003968253968253968,0.0,0.001984126984126984,0.001984126984126984,0.003968253968253968,0.0013227513227513227,0.0013227513227513227,0.0,2.5
Продовольствие,local,20261003,-20,ramp,trigger_only,504,0.025793650793650792,0.001984126984126984,0.025793650793650792,0.0,0.023809523809523808,0.005291005291005291,0.005291005291005291,0.011904761904761904,2.0
Продовольствие,local,20261003,-20,ramp,confirmed_3m,504,0.011904761904761904,0.0,0.011904761904761904,0.0,0.011904761904761904,0.0013227513227513227,0.0013227513227513227,0.011904761904761904,3.0
Продовольствие,local,20261003,20,permanent,trigger_only,504,0.46825396825396826,0.001984126984126984,0.46825396825396826,0.0,0.4662698412698413,0.005291005291005291,0.005291005291005291,0.0,0.0
Продовольствие,local,20261003,20,permanent,confirmed_3m,504,0.027777777777777776,0.0,0.027777777777777776,0.0,0.027777777777777776,0.0013227513227513227,0.0013227513227513227,0.0,2.0
Продовольствие,local,20261003,20,one_month,trigger_only,504,0.9761904761904762,0.001984126984126984,0.46825396825396826,0.5079365079365079,0.9742063492063492,0.005291005291005291,0.005291005291005291,0.0,1.0
Продовольствие,local,20261003,20,one_month,confirmed_3m,504,0.373015873015873,0.0,0.0,0.373015873015873,0.373015873015873,0.0013227513227513227,0.0013227513227513227,0.0,3.0
Продовольствие,local,20261003,20,ramp,trigger_only,504,0.001984126984126984,0.001984126984126984,0.001984126984126984,0.0,0.001984126984126984,0.005291005291005291,0.005291005291005291,0.001984126984126984,5.0
Продовольствие,local,20261003,20,ramp,confirmed_3m,504,0.0,0.0,0.0,0.0,0.0,0.0013227513227513227,0.0013227513227513227,0.001984126984126984,
Транспорт,national,all,-20,permanent,trigger_only,1,1.0,0.0,1.0,0.0,1.0,,,0.0,0.0
Транспорт,national,all,-20,permanent,confirmed_3m,1,1.0,0.0,1.0,0.0,1.0,,,0.0,2.0
Транспорт,national,all,-20,one_month,trigger_only,1,1.0,0.0,1.0,0.0,1.0,,,0.0,0.0
Транспорт,national,all,-20,one_month,confirmed_3m,1,0.0,0.0,0.0,0.0,0.0,,,0.0,
Транспорт,national,all,-20,ramp,trigger_only,1,1.0,0.0,1.0,0.0,1.0,,,1.0,1.0
Транспорт,national,all,-20,ramp,confirmed_3m,1,1.0,0.0,1.0,0.0,1.0,,,1.0,3.0
Транспорт,national,all,20,permanent,trigger_only,1,1.0,0.0,1.0,0.0,1.0,,,0.0,0.0
Транспорт,national,all,20,permanent,confirmed_3m,1,1.0,0.0,1.0,0.0,1.0,,,0.0,2.0
Транспорт,national,all,20,one_month,trigger_only,1,1.0,0.0,1.0,0.0,1.0,,,0.0,0.0
Транспорт,national,all,20,one_month,confirmed_3m,1,0.0,0.0,0.0,0.0,0.0,,,0.0,
Транспорт,national,all,20,ramp,trigger_only,1,1.0,0.0,1.0,0.0,1.0,,,0.0,3.0
Транспорт,national,all,20,ramp,confirmed_3m,1,1.0,0.0,1.0,0.0,1.0,,,0.0,5.0
Транспорт,regional,77,-20,permanent,trigger_only,1,1.0,0.0,1.0,0.0,1.0,0.25806451612903225,0.25806451612903225,0.0,0.0
Транспорт,regional,77,-20,permanent,confirmed_3m,1,1.0,0.0,1.0,0.0,1.0,0.0967741935483871,0.0967741935483871,0.0,2.0
Транспорт,regional,77,-20,one_month,trigger_only,1,1.0,0.0,1.0,0.0,1.0,0.25806451612903225,0.25806451612903225,0.0,0.0
Транспорт,regional,77,-20,one_month,confirmed_3m,1,0.0,0.0,0.0,0.0,0.0,0.0967741935483871,0.0967741935483871,0.0,
Транспорт,regional,77,-20,ramp,trigger_only,1,0.0,0.0,0.0,0.0,0.0,0.25806451612903225,0.25806451612903225,0.0,
Транспорт,regional,77,-20,ramp,confirmed_3m,1,0.0,0.0,0.0,0.0,0.0,0.0967741935483871,0.0967741935483871,0.0,
Транспорт,regional,77,20,permanent,trigger_only,1,1.0,0.0,1.0,0.0,1.0,0.25806451612903225,0.25806451612903225,0.0,0.0
Транспорт,regional,77,20,permanent,confirmed_3m,1,0.0,0.0,0.0,0.0,0.0,0.0967741935483871,0.0967741935483871,0.0,
Транспорт,regional,77,20,one_month,trigger_only,1,1.0,0.0,1.0,0.0,1.0,0.25806451612903225,0.25806451612903225,0.0,0.0
Транспорт,regional,77,20,one_month,confirmed_3m,1,0.0,0.0,0.0,0.0,0.0,0.0967741935483871,0.0967741935483871,0.0,
Транспорт,regional,77,20,ramp,trigger_only,1,0.0,0.0,0.0,0.0,0.0,0.25806451612903225,0.25806451612903225,0.0,
Транспорт,regional,77,20,ramp,confirmed_3m,1,0.0,0.0,0.0,0.0,0.0,0.0967741935483871,0.0967741935483871,0.0,
Транспорт,regional,78,-20,permanent,trigger_only,1,1.0,0.0,1.0,0.0,1.0,0.25806451612903225,0.25806451612903225,0.0,0.0
Транспорт,regional,78,-20,permanent,confirmed_3m,1,1.0,0.0,1.0,0.0,1.0,0.0967741935483871,0.0967741935483871,0.0,2.0
Транспорт,regional,78,-20,one_month,trigger_only,1,1.0,0.0,1.0,0.0,1.0,0.25806451612903225,0.25806451612903225,0.0,0.0
Транспорт,regional,78,-20,one_month,confirmed_3m,1,0.0,0.0,0.0,0.0,0.0,0.0967741935483871,0.0967741935483871,0.0,
Транспорт,regional,78,-20,ramp,trigger_only,1,0.0,0.0,0.0,0.0,0.0,0.25806451612903225,0.25806451612903225,0.0,
Транспорт,regional,78,-20,ramp,confirmed_3m,1,0.0,0.0,0.0,0.0,0.0,0.0967741935483871,0.0967741935483871,0.0,
Транспорт,regional,78,20,permanent,trigger_only,1,1.0,0.0,1.0,0.0,1.0,0.25806451612903225,0.25806451612903225,0.0,0.0
Транспорт,regional,78,20,permanent,confirmed_3m,1,1.0,0.0,1.0,0.0,1.0,0.0967741935483871,0.0967741935483871,0.0,2.0
Транспорт,regional,78,20,one_month,trigger_only,1,1.0,0.0,1.0,0.0,1.0,0.25806451612903225,0.25806451612903225,0.0,0.0
Транспорт,regional,78,20,one_month,confirmed_3m,1,0.0,0.0,0.0,0.0,0.0,0.0967741935483871,0.0967741935483871,0.0,
Транспорт,regional,78,20,ramp,trigger_only,1,0.0,0.0,0.0,0.0,0.0,0.25806451612903225,0.25806451612903225,0.0,
Транспорт,regional,78,20,ramp,confirmed_3m,1,0.0,0.0,0.0,0.0,0.0,0.0967741935483871,0.0967741935483871,0.0,
Транспорт,regional,22,-20,permanent,trigger_only,1,1.0,0.0,1.0,0.0,1.0,0.25806451612903225,0.25806451612903225,0.0,0.0
Транспорт,regional,22,-20,permanent,confirmed_3m,1,1.0,0.0,1.0,0.0,1.0,0.0967741935483871,0.0967741935483871,0.0,2.0
Транспорт,regional,22,-20,one_month,trigger_only,1,1.0,0.0,1.0,0.0,1.0,0.25806451612903225,0.25806451612903225,0.0,0.0
Транспорт,regional,22,-20,one_month,confirmed_3m,1,0.0,0.0,0.0,0.0,0.0,0.0967741935483871,0.0967741935483871,0.0,
Транспорт,regional,22,-20,ramp,trigger_only,1,0.0,0.0,0.0,0.0,0.0,0.25806451612903225,0.25806451612903225,0.0,
Транспорт,regional,22,-20,ramp,confirmed_3m,1,0.0,0.0,0.0,0.0,0.0,0.0967741935483871,0.0967741935483871,0.0,
Транспорт,regional,22,20,permanent,trigger_only,1,1.0,0.0,1.0,0.0,1.0,0.25806451612903225,0.25806451612903225,0.0,0.0
Транспорт,regional,22,20,permanent,confirmed_3m,1,1.0,0.0,1.0,0.0,1.0,0.0967741935483871,0.0967741935483871,0.0,2.0
Транспорт,regional,22,20,one_month,trigger_only,1,1.0,0.0,1.0,0.0,1.0,0.25806451612903225,0.25806451612903225,0.0,0.0
Транспорт,regional,22,20,one_month,confirmed_3m,1,0.0,0.0,0.0,0.0,0.0,0.0967741935483871,0.0967741935483871,0.0,
Транспорт,regional,22,20,ramp,trigger_only,1,0.0,0.0,0.0,0.0,0.0,0.25806451612903225,0.25806451612903225,0.0,
Транспорт,regional,22,20,ramp,confirmed_3m,1,0.0,0.0,0.0,0.0,0.0,0.0967741935483871,0.0967741935483871,0.0,
Транспорт,local,20261001,-20,permanent,trigger_only,504,0.007936507936507936,0.001984126984126984,0.007936507936507936,0.0,0.005952380952380952,0.005291005291005291,0.005291005291005291,0.0,0.0
Транспорт,local,20261001,-20,permanent,confirmed_3m,504,0.0,0.0,0.0,0.0,0.0,0.001984126984126984,0.001984126984126984,0.0,
Транспорт,local,20261001,-20,one_month,trigger_only,504,0.00992063492063492,0.001984126984126984,0.005952380952380952,0.003968253968253968,0.00992063492063492,0.005291005291005291,0.005291005291005291,0.0,0.0
Транспорт,local,20261001,-20,one_month,confirmed_3m,504,0.0,0.0,0.0,0.0,0.0,0.001984126984126984,0.001984126984126984,0.0,
Транспорт,local,20261001,-20,ramp,trigger_only,504,0.003968253968253968,0.001984126984126984,0.003968253968253968,0.0,0.001984126984126984,0.005291005291005291,0.005291005291005291,0.0,1.5
Транспорт,local,20261001,-20,ramp,confirmed_3m,504,0.0,0.0,0.0,0.0,0.0,0.001984126984126984,0.001984126984126984,0.0,
Транспорт,local,20261001,20,permanent,trigger_only,504,0.005952380952380952,0.001984126984126984,0.003968253968253968,0.001984126984126984,0.003968253968253968,0.005291005291005291,0.005291005291005291,0.0,0.0
Транспорт,local,20261001,20,permanent,confirmed_3m,504,0.0,0.0,0.0,0.0,0.0,0.001984126984126984,0.001984126984126984,0.0,
Транспорт,local,20261001,20,one_month,trigger_only,504,0.011904761904761904,0.001984126984126984,0.003968253968253968,0.007936507936507936,0.00992063492063492,0.005291005291005291,0.005291005291005291,0.0,1.0
Транспорт,local,20261001,20,one_month,confirmed_3m,504,0.001984126984126984,0.0,0.0,0.001984126984126984,0.001984126984126984,0.001984126984126984,0.001984126984126984,0.0,3.0
Транспорт,local,20261001,20,ramp,trigger_only,504,0.003968253968253968,0.001984126984126984,0.001984126984126984,0.001984126984126984,0.001984126984126984,0.005291005291005291,0.005291005291005291,0.001984126984126984,3.0
Транспорт,local,20261001,20,ramp,confirmed_3m,504,0.0,0.0,0.0,0.0,0.0,0.001984126984126984,0.001984126984126984,0.001984126984126984,
Транспорт,local,20261002,-20,permanent,trigger_only,504,0.011904761904761904,0.003968253968253968,0.011904761904761904,0.0,0.007936507936507936,0.004629629629629629,0.004629629629629629,0.0,0.0
Транспорт,local,20261002,-20,permanent,confirmed_3m,504,0.001984126984126984,0.001984126984126984,0.001984126984126984,0.0,0.0,0.0013227513227513227,0.0013227513227513227,0.0,4.0
Транспорт,local,20261002,-20,one_month,trigger_only,504,0.021825396825396824,0.003968253968253968,0.011904761904761904,0.00992063492063492,0.017857142857142856,0.004629629629629629,0.004629629629629629,0.0,1.0
Транспорт,local,20261002,-20,one_month,confirmed_3m,504,0.001984126984126984,0.001984126984126984,0.001984126984126984,0.0,0.0,0.0013227513227513227,0.0013227513227513227,0.0,4.0
Транспорт,local,20261002,-20,ramp,trigger_only,504,0.007936507936507936,0.003968253968253968,0.007936507936507936,0.0,0.003968253968253968,0.004629629629629629,0.004629629629629629,0.0,2.0
Транспорт,local,20261002,-20,ramp,confirmed_3m,504,0.001984126984126984,0.001984126984126984,0.001984126984126984,0.0,0.0,0.0013227513227513227,0.0013227513227513227,0.0,4.0
Транспорт,local,20261002,20,permanent,trigger_only,504,0.007936507936507936,0.003968253968253968,0.003968253968253968,0.003968253968253968,0.003968253968253968,0.004629629629629629,0.004629629629629629,0.0,1.0
Транспорт,local,20261002,20,permanent,confirmed_3m,504,0.003968253968253968,0.001984126984126984,0.001984126984126984,0.001984126984126984,0.001984126984126984,0.0013227513227513227,0.0013227513227513227,0.0,3.0
Транспорт,local,20261002,20,one_month,trigger_only,504,0.013888888888888888,0.003968253968253968,0.003968253968253968,0.00992063492063492,0.00992063492063492,0.004629629629629629,0.004629629629629629,0.0,1.0
Транспорт,local,20261002,20,one_month,confirmed_3m,504,0.001984126984126984,0.001984126984126984,0.0,0.001984126984126984,0.0,0.0013227513227513227,0.0013227513227513227,0.0,4.0
Транспорт,local,20261002,20,ramp,trigger_only,504,0.003968253968253968,0.003968253968253968,0.001984126984126984,0.001984126984126984,0.001984126984126984,0.004629629629629629,0.004629629629629629,0.0,2.5
Транспорт,local,20261002,20,ramp,confirmed_3m,504,0.001984126984126984,0.001984126984126984,0.001984126984126984,0.0,0.001984126984126984,0.0013227513227513227,0.0013227513227513227,0.0,3.0
Транспорт,local,20261003,-20,permanent,trigger_only,504,0.015873015873015872,0.005952380952380952,0.013888888888888888,0.001984126984126984,0.00992063492063492,0.003968253968253968,0.003968253968253968,0.001984126984126984,0.0
Транспорт,local,20261003,-20,permanent,confirmed_3m,504,0.001984126984126984,0.0,0.001984126984126984,0.0,0.001984126984126984,0.001984126984126984,0.001984126984126984,0.001984126984126984,2.0
Транспорт,local,20261003,-20,one_month,trigger_only,504,0.021825396825396824,0.005952380952380952,0.013888888888888888,0.00992063492063492,0.015873015873015872,0.003968253968253968,0.003968253968253968,0.001984126984126984,0.0
Транспорт,local,20261003,-20,one_month,confirmed_3m,504,0.0,0.0,0.0,0.0,0.0,0.001984126984126984,0.001984126984126984,0.001984126984126984,
Транспорт,local,20261003,-20,ramp,trigger_only,504,0.007936507936507936,0.005952380952380952,0.003968253968253968,0.003968253968253968,0.001984126984126984,0.003968253968253968,0.003968253968253968,0.001984126984126984,3.0
Транспорт,local,20261003,-20,ramp,confirmed_3m,504,0.001984126984126984,0.0,0.001984126984126984,0.0,0.001984126984126984,0.001984126984126984,0.001984126984126984,0.001984126984126984,3.0
Транспорт,local,20261003,20,permanent,trigger_only,504,0.011904761904761904,0.005952380952380952,0.00992063492063492,0.001984126984126984,0.005952380952380952,0.003968253968253968,0.003968253968253968,0.001984126984126984,1.0
Транспорт,local,20261003,20,permanent,confirmed_3m,504,0.003968253968253968,0.0,0.003968253968253968,0.0,0.003968253968253968,0.001984126984126984,0.001984126984126984,0.001984126984126984,2.0
Транспорт,local,20261003,20,one_month,trigger_only,504,0.015873015873015872,0.005952380952380952,0.00992063492063492,0.005952380952380952,0.00992063492063492,0.003968253968253968,0.003968253968253968,0.001984126984126984,1.0
Транспорт,local,20261003,20,one_month,confirmed_3m,504,0.001984126984126984,0.0,0.0,0.001984126984126984,0.001984126984126984,0.001984126984126984,0.001984126984126984,0.001984126984126984,3.0
Транспорт,local,20261003,20,ramp,trigger_only,504,0.007936507936507936,0.005952380952380952,0.005952380952380952,0.001984126984126984,0.001984126984126984,0.003968253968253968,0.003968253968253968,0.003968253968253968,4.5
Транспорт,local,20261003,20,ramp,confirmed_3m,504,0.0,0.0,0.0,0.0,0.0,0.001984126984126984,0.001984126984126984,0.003968253968253968,
