category,model,shift_pct,shape,month_after,induced_median_log_error
Все категории,adaptive_1m,-20,permanent,0,-0.2231435513142097
Все категории,adaptive_1m,-20,permanent,1,0.0
Все категории,adaptive_1m,-20,permanent,2,0.0
Все категории,adaptive_1m,-20,permanent,3,0.0
Все категории,adaptive_1m,-20,permanent,4,0.0
Все категории,adaptive_1m,-20,permanent,5,0.0
Все категории,adaptive_1m,-20,one_month,0,-0.2231435513142097
Все категории,adaptive_1m,-20,one_month,1,0.2231435513142097
Все категории,adaptive_1m,-20,one_month,2,0.0
Все категории,adaptive_1m,-20,one_month,3,0.0
Все категории,adaptive_1m,-20,one_month,4,0.0
Все категории,adaptive_1m,-20,one_month,5,0.0
Все категории,adaptive_1m,-20,ramp,0,0.0
Все категории,adaptive_1m,-20,ramp,1,-0.04082199452025516
Все категории,adaptive_1m,-20,ramp,2,-0.04255961441879585
Все категории,adaptive_1m,-20,ramp,3,-0.04445176257083387
Все категории,adaptive_1m,-20,ramp,4,-0.0465200156348929
Все категории,adaptive_1m,-20,ramp,5,-0.04879016416943191
Все категории,adaptive_1m,20,permanent,0,0.1823215567939546
Все категории,adaptive_1m,20,permanent,1,0.0
Все категории,adaptive_1m,20,permanent,2,0.0
Все категории,adaptive_1m,20,permanent,3,0.0
Все категории,adaptive_1m,20,permanent,4,0.0
Все категории,adaptive_1m,20,permanent,5,0.0
Все категории,adaptive_1m,20,one_month,0,0.1823215567939546
Все категории,adaptive_1m,20,one_month,1,-0.1823215567939546
Все категории,adaptive_1m,20,one_month,2,0.0
Все категории,adaptive_1m,20,one_month,3,0.0
Все категории,adaptive_1m,20,one_month,4,0.0
Все категории,adaptive_1m,20,one_month,5,0.0
Все категории,adaptive_1m,20,ramp,0,0.0
Все категории,adaptive_1m,20,ramp,1,0.03922071315328133
Все категории,adaptive_1m,20,ramp,2,0.037740327982847065
Все категории,adaptive_1m,20,ramp,3,0.03636764417087488
Все категории,adaptive_1m,20,ramp,4,0.03509131981126995
Все категории,adaptive_1m,20,ramp,5,0.03390155167568138
Все категории,frozen_6m,-20,permanent,0,-0.2231435513142097
Все категории,frozen_6m,-20,permanent,1,-0.2231435513142097
Все категории,frozen_6m,-20,permanent,2,-0.2231435513142097
Все категории,frozen_6m,-20,permanent,3,-0.2231435513142097
Все категории,frozen_6m,-20,permanent,4,-0.2231435513142097
Все категории,frozen_6m,-20,permanent,5,-0.2231435513142097
Все категории,frozen_6m,-20,one_month,0,-0.2231435513142097
Все категории,frozen_6m,-20,one_month,1,0.0
Все категории,frozen_6m,-20,one_month,2,0.0
Все категории,frozen_6m,-20,one_month,3,0.0
Все категории,frozen_6m,-20,one_month,4,0.0
Все категории,frozen_6m,-20,one_month,5,0.0
Все категории,frozen_6m,-20,ramp,0,0.0
Все категории,frozen_6m,-20,ramp,1,-0.04082199452025516
Все категории,frozen_6m,-20,ramp,2,-0.08338160893905101
Все категории,frozen_6m,-20,ramp,3,-0.12783337150988489
Все категории,frozen_6m,-20,ramp,4,-0.1743533871447778
Все категории,frozen_6m,-20,ramp,5,-0.2231435513142097
Все категории,frozen_6m,20,permanent,0,0.1823215567939546
Все категории,frozen_6m,20,permanent,1,0.1823215567939546
Все категории,frozen_6m,20,permanent,2,0.1823215567939546
Все категории,frozen_6m,20,permanent,3,0.1823215567939546
Все категории,frozen_6m,20,permanent,4,0.1823215567939546
Все категории,frozen_6m,20,permanent,5,0.1823215567939546
Все категории,frozen_6m,20,one_month,0,0.1823215567939546
Все категории,frozen_6m,20,one_month,1,0.0
Все категории,frozen_6m,20,one_month,2,0.0
Все категории,frozen_6m,20,one_month,3,0.0
Все категории,frozen_6m,20,one_month,4,0.0
Все категории,frozen_6m,20,one_month,5,0.0
Все категории,frozen_6m,20,ramp,0,0.0
Все категории,frozen_6m,20,ramp,1,0.03922071315328133
Все категории,frozen_6m,20,ramp,2,0.0769610411361284
Все категории,frozen_6m,20,ramp,3,0.11332868530700327
Все категории,frozen_6m,20,ramp,4,0.14842000511827322
Все категории,frozen_6m,20,ramp,5,0.1823215567939546
Здоровье,adaptive_1m,-20,permanent,0,-0.2231435513142097
Здоровье,adaptive_1m,-20,permanent,1,0.0
Здоровье,adaptive_1m,-20,permanent,2,0.0
Здоровье,adaptive_1m,-20,permanent,3,0.0
Здоровье,adaptive_1m,-20,permanent,4,0.0
Здоровье,adaptive_1m,-20,permanent,5,0.0
Здоровье,adaptive_1m,-20,one_month,0,-0.2231435513142097
Здоровье,adaptive_1m,-20,one_month,1,0.2231435513142097
Здоровье,adaptive_1m,-20,one_month,2,0.0
Здоровье,adaptive_1m,-20,one_month,3,0.0
Здоровье,adaptive_1m,-20,one_month,4,0.0
Здоровье,adaptive_1m,-20,one_month,5,0.0
Здоровье,adaptive_1m,-20,ramp,0,0.0
Здоровье,adaptive_1m,-20,ramp,1,-0.04082199452025517
Здоровье,adaptive_1m,-20,ramp,2,-0.042559614418795834
Здоровье,adaptive_1m,-20,ramp,3,-0.044451762570833886
Здоровье,adaptive_1m,-20,ramp,4,-0.0465200156348929
Здоровье,adaptive_1m,-20,ramp,5,-0.04879016416943191
Здоровье,adaptive_1m,20,permanent,0,0.1823215567939546
Здоровье,adaptive_1m,20,permanent,1,0.0
Здоровье,adaptive_1m,20,permanent,2,0.0
Здоровье,adaptive_1m,20,permanent,3,0.0
Здоровье,adaptive_1m,20,permanent,4,0.0
Здоровье,adaptive_1m,20,permanent,5,0.0
Здоровье,adaptive_1m,20,one_month,0,0.1823215567939546
Здоровье,adaptive_1m,20,one_month,1,-0.1823215567939546
Здоровье,adaptive_1m,20,one_month,2,0.0
Здоровье,adaptive_1m,20,one_month,3,0.0
Здоровье,adaptive_1m,20,one_month,4,0.0
Здоровье,adaptive_1m,20,one_month,5,0.0
Здоровье,adaptive_1m,20,ramp,0,0.0
Здоровье,adaptive_1m,20,ramp,1,0.039220713153281336
Здоровье,adaptive_1m,20,ramp,2,0.037740327982847044
Здоровье,adaptive_1m,20,ramp,3,0.03636764417087487
Здоровье,adaptive_1m,20,ramp,4,0.035091319811269936
Здоровье,adaptive_1m,20,ramp,5,0.03390155167568138
Здоровье,frozen_6m,-20,permanent,0,-0.2231435513142097
Здоровье,frozen_6m,-20,permanent,1,-0.2231435513142097
Здоровье,frozen_6m,-20,permanent,2,-0.2231435513142097
Здоровье,frozen_6m,-20,permanent,3,-0.2231435513142097
Здоровье,frozen_6m,-20,permanent,4,-0.2231435513142097
Здоровье,frozen_6m,-20,permanent,5,-0.2231435513142097
Здоровье,frozen_6m,-20,one_month,0,-0.2231435513142097
Здоровье,frozen_6m,-20,one_month,1,0.0
Здоровье,frozen_6m,-20,one_month,2,0.0
Здоровье,frozen_6m,-20,one_month,3,0.0
Здоровье,frozen_6m,-20,one_month,4,0.0
Здоровье,frozen_6m,-20,one_month,5,0.0
Здоровье,frozen_6m,-20,ramp,0,0.0
Здоровье,frozen_6m,-20,ramp,1,-0.04082199452025517
Здоровье,frozen_6m,-20,ramp,2,-0.08338160893905101
Здоровье,frozen_6m,-20,ramp,3,-0.12783337150988489
Здоровье,frozen_6m,-20,ramp,4,-0.1743533871447778
Здоровье,frozen_6m,-20,ramp,5,-0.2231435513142097
Здоровье,frozen_6m,20,permanent,0,0.1823215567939546
Здоровье,frozen_6m,20,permanent,1,0.1823215567939546
Здоровье,frozen_6m,20,permanent,2,0.1823215567939546
Здоровье,frozen_6m,20,permanent,3,0.1823215567939546
Здоровье,frozen_6m,20,permanent,4,0.1823215567939546
Здоровье,frozen_6m,20,permanent,5,0.1823215567939546
Здоровье,frozen_6m,20,one_month,0,0.1823215567939546
Здоровье,frozen_6m,20,one_month,1,0.0
Здоровье,frozen_6m,20,one_month,2,0.0
Здоровье,frozen_6m,20,one_month,3,0.0
Здоровье,frozen_6m,20,one_month,4,0.0
Здоровье,frozen_6m,20,one_month,5,0.0
Здоровье,frozen_6m,20,ramp,0,0.0
Здоровье,frozen_6m,20,ramp,1,0.039220713153281336
Здоровье,frozen_6m,20,ramp,2,0.0769610411361284
Здоровье,frozen_6m,20,ramp,3,0.11332868530700327
Здоровье,frozen_6m,20,ramp,4,0.1484200051182732
Здоровье,frozen_6m,20,ramp,5,0.1823215567939546
Маркетплейсы,adaptive_1m,-20,permanent,0,-0.2231435513142097
Маркетплейсы,adaptive_1m,-20,permanent,1,0.0
Маркетплейсы,adaptive_1m,-20,permanent,2,0.0
Маркетплейсы,adaptive_1m,-20,permanent,3,0.0
Маркетплейсы,adaptive_1m,-20,permanent,4,0.0
Маркетплейсы,adaptive_1m,-20,permanent,5,0.0
Маркетплейсы,adaptive_1m,-20,one_month,0,-0.2231435513142097
Маркетплейсы,adaptive_1m,-20,one_month,1,0.2231435513142097
Маркетплейсы,adaptive_1m,-20,one_month,2,0.0
Маркетплейсы,adaptive_1m,-20,one_month,3,0.0
Маркетплейсы,adaptive_1m,-20,one_month,4,0.0
Маркетплейсы,adaptive_1m,-20,one_month,5,0.0
Маркетплейсы,adaptive_1m,-20,ramp,0,0.0
Маркетплейсы,adaptive_1m,-20,ramp,1,-0.04082199452025517
Маркетплейсы,adaptive_1m,-20,ramp,2,-0.04255961441879585
Маркетплейсы,adaptive_1m,-20,ramp,3,-0.04445176257083387
Маркетплейсы,adaptive_1m,-20,ramp,4,-0.046520015634892914
Маркетплейсы,adaptive_1m,-20,ramp,5,-0.0487901641694319
Маркетплейсы,adaptive_1m,20,permanent,0,0.1823215567939546
Маркетплейсы,adaptive_1m,20,permanent,1,0.0
Маркетплейсы,adaptive_1m,20,permanent,2,0.0
Маркетплейсы,adaptive_1m,20,permanent,3,0.0
Маркетплейсы,adaptive_1m,20,permanent,4,0.0
Маркетплейсы,adaptive_1m,20,permanent,5,0.0
Маркетплейсы,adaptive_1m,20,one_month,0,0.1823215567939546
Маркетплейсы,adaptive_1m,20,one_month,1,-0.1823215567939546
Маркетплейсы,adaptive_1m,20,one_month,2,0.0
Маркетплейсы,adaptive_1m,20,one_month,3,0.0
Маркетплейсы,adaptive_1m,20,one_month,4,0.0
Маркетплейсы,adaptive_1m,20,one_month,5,0.0
Маркетплейсы,adaptive_1m,20,ramp,0,0.0
Маркетплейсы,adaptive_1m,20,ramp,1,0.03922071315328133
Маркетплейсы,adaptive_1m,20,ramp,2,0.03774032798284707
Маркетплейсы,adaptive_1m,20,ramp,3,0.03636764417087488
Маркетплейсы,adaptive_1m,20,ramp,4,0.035091319811269936
Маркетплейсы,adaptive_1m,20,ramp,5,0.033901551675681395
Маркетплейсы,frozen_6m,-20,permanent,0,-0.2231435513142097
Маркетплейсы,frozen_6m,-20,permanent,1,-0.2231435513142097
Маркетплейсы,frozen_6m,-20,permanent,2,-0.2231435513142097
Маркетплейсы,frozen_6m,-20,permanent,3,-0.2231435513142097
Маркетплейсы,frozen_6m,-20,permanent,4,-0.2231435513142097
Маркетплейсы,frozen_6m,-20,permanent,5,-0.2231435513142097
Маркетплейсы,frozen_6m,-20,one_month,0,-0.2231435513142097
Маркетплейсы,frozen_6m,-20,one_month,1,0.0
Маркетплейсы,frozen_6m,-20,one_month,2,0.0
Маркетплейсы,frozen_6m,-20,one_month,3,0.0
Маркетплейсы,frozen_6m,-20,one_month,4,0.0
Маркетплейсы,frozen_6m,-20,one_month,5,0.0
Маркетплейсы,frozen_6m,-20,ramp,0,0.0
Маркетплейсы,frozen_6m,-20,ramp,1,-0.040821994520255166
Маркетплейсы,frozen_6m,-20,ramp,2,-0.08338160893905101
Маркетплейсы,frozen_6m,-20,ramp,3,-0.12783337150988489
Маркетплейсы,frozen_6m,-20,ramp,4,-0.1743533871447778
Маркетплейсы,frozen_6m,-20,ramp,5,-0.2231435513142097
Маркетплейсы,frozen_6m,20,permanent,0,0.1823215567939546
Маркетплейсы,frozen_6m,20,permanent,1,0.1823215567939546
Маркетплейсы,frozen_6m,20,permanent,2,0.1823215567939546
Маркетплейсы,frozen_6m,20,permanent,3,0.1823215567939546
Маркетплейсы,frozen_6m,20,permanent,4,0.1823215567939546
Маркетплейсы,frozen_6m,20,permanent,5,0.1823215567939546
Маркетплейсы,frozen_6m,20,one_month,0,0.1823215567939546
Маркетплейсы,frozen_6m,20,one_month,1,0.0
Маркетплейсы,frozen_6m,20,one_month,2,0.0
Маркетплейсы,frozen_6m,20,one_month,3,0.0
Маркетплейсы,frozen_6m,20,one_month,4,0.0
Маркетплейсы,frozen_6m,20,one_month,5,0.0
Маркетплейсы,frozen_6m,20,ramp,0,0.0
Маркетплейсы,frozen_6m,20,ramp,1,0.039220713153281336
Маркетплейсы,frozen_6m,20,ramp,2,0.0769610411361284
Маркетплейсы,frozen_6m,20,ramp,3,0.11332868530700327
Маркетплейсы,frozen_6m,20,ramp,4,0.14842000511827322
Маркетплейсы,frozen_6m,20,ramp,5,0.1823215567939546
Общественное питание,adaptive_1m,-20,permanent,0,-0.2231435513142097
Общественное питание,adaptive_1m,-20,permanent,1,0.0
Общественное питание,adaptive_1m,-20,permanent,2,0.0
Общественное питание,adaptive_1m,-20,permanent,3,0.0
Общественное питание,adaptive_1m,-20,permanent,4,0.0
Общественное питание,adaptive_1m,-20,permanent,5,0.0
Общественное питание,adaptive_1m,-20,one_month,0,-0.2231435513142097
Общественное питание,adaptive_1m,-20,one_month,1,0.2231435513142097
Общественное питание,adaptive_1m,-20,one_month,2,0.0
Общественное питание,adaptive_1m,-20,one_month,3,0.0
Общественное питание,adaptive_1m,-20,one_month,4,0.0
Общественное питание,adaptive_1m,-20,one_month,5,0.0
Общественное питание,adaptive_1m,-20,ramp,0,0.0
Общественное питание,adaptive_1m,-20,ramp,1,-0.040821994520255166
Общественное питание,adaptive_1m,-20,ramp,2,-0.04255961441879585
Общественное питание,adaptive_1m,-20,ramp,3,-0.04445176257083387
Общественное питание,adaptive_1m,-20,ramp,4,-0.04652001563489289
Общественное питание,adaptive_1m,-20,ramp,5,-0.04879016416943192
Общественное питание,adaptive_1m,20,permanent,0,0.1823215567939546
Общественное питание,adaptive_1m,20,permanent,1,0.0
Общественное питание,adaptive_1m,20,permanent,2,0.0
Общественное питание,adaptive_1m,20,permanent,3,0.0
Общественное питание,adaptive_1m,20,permanent,4,0.0
Общественное питание,adaptive_1m,20,permanent,5,0.0
Общественное питание,adaptive_1m,20,one_month,0,0.1823215567939546
Общественное питание,adaptive_1m,20,one_month,1,-0.1823215567939546
Общественное питание,adaptive_1m,20,one_month,2,0.0
Общественное питание,adaptive_1m,20,one_month,3,0.0
Общественное питание,adaptive_1m,20,one_month,4,0.0
Общественное питание,adaptive_1m,20,one_month,5,0.0
Общественное питание,adaptive_1m,20,ramp,0,0.0
Общественное питание,adaptive_1m,20,ramp,1,0.03922071315328133
Общественное питание,adaptive_1m,20,ramp,2,0.03774032798284706
Общественное питание,adaptive_1m,20,ramp,3,0.036367644170874874
Общественное питание,adaptive_1m,20,ramp,4,0.03509131981126995
Общественное питание,adaptive_1m,20,ramp,5,0.033901551675681374
Общественное питание,frozen_6m,-20,permanent,0,-0.2231435513142097
Общественное питание,frozen_6m,-20,permanent,1,-0.2231435513142097
Общественное питание,frozen_6m,-20,permanent,2,-0.2231435513142097
Общественное питание,frozen_6m,-20,permanent,3,-0.2231435513142097
Общественное питание,frozen_6m,-20,permanent,4,-0.2231435513142097
Общественное питание,frozen_6m,-20,permanent,5,-0.2231435513142097
Общественное питание,frozen_6m,-20,one_month,0,-0.2231435513142097
Общественное питание,frozen_6m,-20,one_month,1,0.0
Общественное питание,frozen_6m,-20,one_month,2,0.0
Общественное питание,frozen_6m,-20,one_month,3,0.0
Общественное питание,frozen_6m,-20,one_month,4,0.0
Общественное питание,frozen_6m,-20,one_month,5,0.0
Общественное питание,frozen_6m,-20,ramp,0,0.0
Общественное питание,frozen_6m,-20,ramp,1,-0.04082199452025517
Общественное питание,frozen_6m,-20,ramp,2,-0.08338160893905101
Общественное питание,frozen_6m,-20,ramp,3,-0.12783337150988489
Общественное питание,frozen_6m,-20,ramp,4,-0.17435338714477777
Общественное питание,frozen_6m,-20,ramp,5,-0.2231435513142097
Общественное питание,frozen_6m,20,permanent,0,0.1823215567939546
Общественное питание,frozen_6m,20,permanent,1,0.1823215567939546
Общественное питание,frozen_6m,20,permanent,2,0.1823215567939546
Общественное питание,frozen_6m,20,permanent,3,0.1823215567939546
Общественное питание,frozen_6m,20,permanent,4,0.1823215567939546
Общественное питание,frozen_6m,20,permanent,5,0.1823215567939546
Общественное питание,frozen_6m,20,one_month,0,0.1823215567939546
Общественное питание,frozen_6m,20,one_month,1,0.0
Общественное питание,frozen_6m,20,one_month,2,0.0
Общественное питание,frozen_6m,20,one_month,3,0.0
Общественное питание,frozen_6m,20,one_month,4,0.0
Общественное питание,frozen_6m,20,one_month,5,0.0
Общественное питание,frozen_6m,20,ramp,0,0.0
Общественное питание,frozen_6m,20,ramp,1,0.03922071315328133
Общественное питание,frozen_6m,20,ramp,2,0.0769610411361284
Общественное питание,frozen_6m,20,ramp,3,0.11332868530700327
Общественное питание,frozen_6m,20,ramp,4,0.14842000511827322
Общественное питание,frozen_6m,20,ramp,5,0.1823215567939546
Продовольствие,adaptive_1m,-20,permanent,0,-0.2231435513142097
Продовольствие,adaptive_1m,-20,permanent,1,0.0
Продовольствие,adaptive_1m,-20,permanent,2,0.0
Продовольствие,adaptive_1m,-20,permanent,3,0.0
Продовольствие,adaptive_1m,-20,permanent,4,0.0
Продовольствие,adaptive_1m,-20,permanent,5,0.0
Продовольствие,adaptive_1m,-20,one_month,0,-0.2231435513142097
Продовольствие,adaptive_1m,-20,one_month,1,0.2231435513142097
Продовольствие,adaptive_1m,-20,one_month,2,0.0
Продовольствие,adaptive_1m,-20,one_month,3,0.0
Продовольствие,adaptive_1m,-20,one_month,4,0.0
Продовольствие,adaptive_1m,-20,one_month,5,0.0
Продовольствие,adaptive_1m,-20,ramp,0,0.0
Продовольствие,adaptive_1m,-20,ramp,1,-0.04082199452025517
Продовольствие,adaptive_1m,-20,ramp,2,-0.042559614418795855
Продовольствие,adaptive_1m,-20,ramp,3,-0.04445176257083389
Продовольствие,adaptive_1m,-20,ramp,4,-0.0465200156348929
Продовольствие,adaptive_1m,-20,ramp,5,-0.04879016416943191
Продовольствие,adaptive_1m,20,permanent,0,0.1823215567939546
Продовольствие,adaptive_1m,20,permanent,1,0.0
Продовольствие,adaptive_1m,20,permanent,2,0.0
Продовольствие,adaptive_1m,20,permanent,3,0.0
Продовольствие,adaptive_1m,20,permanent,4,0.0
Продовольствие,adaptive_1m,20,permanent,5,0.0
Продовольствие,adaptive_1m,20,one_month,0,0.1823215567939546
Продовольствие,adaptive_1m,20,one_month,1,-0.1823215567939546
Продовольствие,adaptive_1m,20,one_month,2,0.0
Продовольствие,adaptive_1m,20,one_month,3,0.0
Продовольствие,adaptive_1m,20,one_month,4,0.0
Продовольствие,adaptive_1m,20,one_month,5,0.0
Продовольствие,adaptive_1m,20,ramp,0,0.0
Продовольствие,adaptive_1m,20,ramp,1,0.03922071315328133
Продовольствие,adaptive_1m,20,ramp,2,0.03774032798284706
Продовольствие,adaptive_1m,20,ramp,3,0.036367644170874854
Продовольствие,adaptive_1m,20,ramp,4,0.035091319811269936
Продовольствие,adaptive_1m,20,ramp,5,0.033901551675681374
Продовольствие,frozen_6m,-20,permanent,0,-0.2231435513142097
Продовольствие,frozen_6m,-20,permanent,1,-0.2231435513142097
Продовольствие,frozen_6m,-20,permanent,2,-0.2231435513142097
Продовольствие,frozen_6m,-20,permanent,3,-0.2231435513142097
Продовольствие,frozen_6m,-20,permanent,4,-0.2231435513142097
Продовольствие,frozen_6m,-20,permanent,5,-0.2231435513142097
Продовольствие,frozen_6m,-20,one_month,0,-0.2231435513142097
Продовольствие,frozen_6m,-20,one_month,1,0.0
Продовольствие,frozen_6m,-20,one_month,2,0.0
Продовольствие,frozen_6m,-20,one_month,3,0.0
Продовольствие,frozen_6m,-20,one_month,4,0.0
Продовольствие,frozen_6m,-20,one_month,5,0.0
Продовольствие,frozen_6m,-20,ramp,0,0.0
Продовольствие,frozen_6m,-20,ramp,1,-0.04082199452025517
Продовольствие,frozen_6m,-20,ramp,2,-0.08338160893905101
Продовольствие,frozen_6m,-20,ramp,3,-0.12783337150988489
Продовольствие,frozen_6m,-20,ramp,4,-0.1743533871447778
Продовольствие,frozen_6m,-20,ramp,5,-0.2231435513142097
Продовольствие,frozen_6m,20,permanent,0,0.1823215567939546
Продовольствие,frozen_6m,20,permanent,1,0.1823215567939546
Продовольствие,frozen_6m,20,permanent,2,0.1823215567939546
Продовольствие,frozen_6m,20,permanent,3,0.1823215567939546
Продовольствие,frozen_6m,20,permanent,4,0.1823215567939546
Продовольствие,frozen_6m,20,permanent,5,0.1823215567939546
Продовольствие,frozen_6m,20,one_month,0,0.1823215567939546
Продовольствие,frozen_6m,20,one_month,1,0.0
Продовольствие,frozen_6m,20,one_month,2,0.0
Продовольствие,frozen_6m,20,one_month,3,0.0
Продовольствие,frozen_6m,20,one_month,4,0.0
Продовольствие,frozen_6m,20,one_month,5,0.0
Продовольствие,frozen_6m,20,ramp,0,0.0
Продовольствие,frozen_6m,20,ramp,1,0.03922071315328133
Продовольствие,frozen_6m,20,ramp,2,0.0769610411361284
Продовольствие,frozen_6m,20,ramp,3,0.11332868530700327
Продовольствие,frozen_6m,20,ramp,4,0.14842000511827322
Продовольствие,frozen_6m,20,ramp,5,0.1823215567939546
Транспорт,adaptive_1m,-20,permanent,0,-0.2231435513142097
Транспорт,adaptive_1m,-20,permanent,1,0.0
Транспорт,adaptive_1m,-20,permanent,2,0.0
Транспорт,adaptive_1m,-20,permanent,3,0.0
Транспорт,adaptive_1m,-20,permanent,4,0.0
Транспорт,adaptive_1m,-20,permanent,5,0.0
Транспорт,adaptive_1m,-20,one_month,0,-0.2231435513142097
Транспорт,adaptive_1m,-20,one_month,1,0.2231435513142097
Транспорт,adaptive_1m,-20,one_month,2,0.0
Транспорт,adaptive_1m,-20,one_month,3,0.0
Транспорт,adaptive_1m,-20,one_month,4,0.0
Транспорт,adaptive_1m,-20,one_month,5,0.0
Транспорт,adaptive_1m,-20,ramp,0,0.0
Транспорт,adaptive_1m,-20,ramp,1,-0.040821994520255166
Транспорт,adaptive_1m,-20,ramp,2,-0.042559614418795855
Транспорт,adaptive_1m,-20,ramp,3,-0.04445176257083387
Транспорт,adaptive_1m,-20,ramp,4,-0.046520015634892886
Транспорт,adaptive_1m,-20,ramp,5,-0.04879016416943191
Транспорт,adaptive_1m,20,permanent,0,0.1823215567939546
Транспорт,adaptive_1m,20,permanent,1,0.0
Транспорт,adaptive_1m,20,permanent,2,0.0
Транспорт,adaptive_1m,20,permanent,3,0.0
Транспорт,adaptive_1m,20,permanent,4,0.0
Транспорт,adaptive_1m,20,permanent,5,0.0
Транспорт,adaptive_1m,20,one_month,0,0.1823215567939546
Транспорт,adaptive_1m,20,one_month,1,-0.1823215567939546
Транспорт,adaptive_1m,20,one_month,2,0.0
Транспорт,adaptive_1m,20,one_month,3,0.0
Транспорт,adaptive_1m,20,one_month,4,0.0
Транспорт,adaptive_1m,20,one_month,5,0.0
Транспорт,adaptive_1m,20,ramp,0,0.0
Транспорт,adaptive_1m,20,ramp,1,0.03922071315328133
Транспорт,adaptive_1m,20,ramp,2,0.037740327982847065
Транспорт,adaptive_1m,20,ramp,3,0.03636764417087488
Транспорт,adaptive_1m,20,ramp,4,0.035091319811269936
Транспорт,adaptive_1m,20,ramp,5,0.033901551675681374
Транспорт,frozen_6m,-20,permanent,0,-0.2231435513142097
Транспорт,frozen_6m,-20,permanent,1,-0.2231435513142097
Транспорт,frozen_6m,-20,permanent,2,-0.2231435513142097
Транспорт,frozen_6m,-20,permanent,3,-0.2231435513142097
Транспорт,frozen_6m,-20,permanent,4,-0.2231435513142097
Транспорт,frozen_6m,-20,permanent,5,-0.2231435513142097
Транспорт,frozen_6m,-20,one_month,0,-0.2231435513142097
Транспорт,frozen_6m,-20,one_month,1,0.0
Транспорт,frozen_6m,-20,one_month,2,0.0
Транспорт,frozen_6m,-20,one_month,3,0.0
Транспорт,frozen_6m,-20,one_month,4,0.0
Транспорт,frozen_6m,-20,one_month,5,0.0
Транспорт,frozen_6m,-20,ramp,0,0.0
Транспорт,frozen_6m,-20,ramp,1,-0.040821994520255166
Транспорт,frozen_6m,-20,ramp,2,-0.08338160893905101
Транспорт,frozen_6m,-20,ramp,3,-0.12783337150988489
Транспорт,frozen_6m,-20,ramp,4,-0.17435338714477777
Транспорт,frozen_6m,-20,ramp,5,-0.2231435513142097
Транспорт,frozen_6m,20,permanent,0,0.1823215567939546
Транспорт,frozen_6m,20,permanent,1,0.1823215567939546
Транспорт,frozen_6m,20,permanent,2,0.1823215567939546
Транспорт,frozen_6m,20,permanent,3,0.1823215567939546
Транспорт,frozen_6m,20,permanent,4,0.1823215567939546
Транспорт,frozen_6m,20,permanent,5,0.1823215567939546
Транспорт,frozen_6m,20,one_month,0,0.1823215567939546
Транспорт,frozen_6m,20,one_month,1,0.0
Транспорт,frozen_6m,20,one_month,2,0.0
Транспорт,frozen_6m,20,one_month,3,0.0
Транспорт,frozen_6m,20,one_month,4,0.0
Транспорт,frozen_6m,20,one_month,5,0.0
Транспорт,frozen_6m,20,ramp,0,0.0
Транспорт,frozen_6m,20,ramp,1,0.03922071315328133
Транспорт,frozen_6m,20,ramp,2,0.0769610411361284
Транспорт,frozen_6m,20,ramp,3,0.11332868530700327
Транспорт,frozen_6m,20,ramp,4,0.1484200051182732
Транспорт,frozen_6m,20,ramp,5,0.1823215567939546
