category,level,method,units,alarm_rate,mean_alarm_months
Все категории,local,cusum,1959,0.6498213374170495,3.0158244002041856
Все категории,local,ewma,1959,0.4726901480347116,1.822868810617662
Все категории,local,rolling_3m,1959,0.48187850944359367,1.7845839714139868
Все категории,local,spike,1959,0.591628381827463,1.588565594691169
Все категории,national,cusum,1,1.0,6.0
Все категории,national,ewma,1,0.0,0.0
Все категории,national,rolling_3m,1,0.0,0.0
Все категории,national,spike,1,0.0,0.0
Все категории,regional,cusum,63,0.9365079365079365,5.063492063492063
Все категории,regional,ewma,63,0.49206349206349204,1.8412698412698412
Все категории,regional,rolling_3m,63,0.2698412698412698,0.8095238095238095
Все категории,regional,spike,63,0.36507936507936506,0.5396825396825397
Здоровье,local,cusum,1959,0.8580908626850434,4.151607963246555
Здоровье,local,ewma,1959,0.6947422154160285,2.478305257784584
Здоровье,local,rolling_3m,1959,0.6845329249617151,2.3670239918325677
Здоровье,local,spike,1959,0.669218989280245,1.664624808575804
Здоровье,national,cusum,1,1.0,6.0
Здоровье,national,ewma,1,1.0,4.0
Здоровье,national,rolling_3m,1,0.0,0.0
Здоровье,national,spike,1,0.0,0.0
Здоровье,regional,cusum,63,0.9523809523809523,5.428571428571429
Здоровье,regional,ewma,63,0.8412698412698413,3.5396825396825395
Здоровье,regional,rolling_3m,63,0.5238095238095238,1.7619047619047619
Здоровье,regional,spike,63,0.5396825396825397,1.1428571428571428
Маркетплейсы,local,cusum,1959,0.8223583460949464,3.9494640122511484
Маркетплейсы,local,ewma,1959,0.6886166411434406,2.588055130168453
Маркетплейсы,local,rolling_3m,1959,0.6983154670750383,2.602858601327208
Маркетплейсы,local,spike,1959,0.7059724349157733,2.0285860132720774
Маркетплейсы,national,cusum,1,1.0,3.0
Маркетплейсы,national,ewma,1,1.0,3.0
Маркетплейсы,national,rolling_3m,1,1.0,3.0
Маркетплейсы,national,spike,1,1.0,4.0
Маркетплейсы,regional,cusum,63,1.0,3.619047619047619
Маркетплейсы,regional,ewma,63,0.8888888888888888,2.3333333333333335
Маркетплейсы,regional,rolling_3m,63,0.8095238095238095,2.111111111111111
Маркетплейсы,regional,spike,63,0.873015873015873,2.2857142857142856
Общественное питание,local,cusum,1959,0.8917815211842777,4.705461970393058
Общественное питание,local,ewma,1959,0.7840735068912711,3.336906584992343
Общественное питание,local,rolling_3m,1959,0.7743746809596733,3.2414497192445126
Общественное питание,local,spike,1959,0.71107708014293,2.28892291985707
Общественное питание,national,cusum,1,1.0,6.0
Общественное питание,national,ewma,1,0.0,0.0
Общественное питание,national,rolling_3m,1,0.0,0.0
Общественное питание,national,spike,1,0.0,0.0
Общественное питание,regional,cusum,63,0.9365079365079365,5.5396825396825395
Общественное питание,regional,ewma,63,0.7936507936507936,3.4444444444444446
Общественное питание,regional,rolling_3m,63,0.6190476190476191,1.9047619047619047
Общественное питание,regional,spike,63,0.4603174603174603,1.0476190476190477
Продовольствие,local,cusum,1959,0.5548749361919346,2.3976518631955077
Продовольствие,local,ewma,1959,0.3716181725370087,1.2194997447677387
Продовольствие,local,rolling_3m,1959,0.3884635017866258,1.2547217968351199
Продовольствие,local,spike,1959,0.4941296579887698,1.1904032669729454
Продовольствие,national,cusum,1,0.0,0.0
Продовольствие,national,ewma,1,0.0,0.0
Продовольствие,national,rolling_3m,1,0.0,0.0
Продовольствие,national,spike,1,0.0,0.0
Продовольствие,regional,cusum,63,0.5079365079365079,1.3015873015873016
Продовольствие,regional,ewma,63,0.1746031746031746,0.1746031746031746
Продовольствие,regional,rolling_3m,63,0.1746031746031746,0.20634920634920634
Продовольствие,regional,spike,63,0.25396825396825395,0.3968253968253968
Транспорт,local,cusum,1959,0.8728943338437979,4.464522715671261
Транспорт,local,ewma,1959,0.7743746809596733,3.177131189382338
Транспорт,local,rolling_3m,1959,0.7662072485962226,3.052577845839714
Транспорт,local,spike,1959,0.7473200612557427,2.329249617151608
Транспорт,national,cusum,1,1.0,6.0
Транспорт,national,ewma,1,1.0,5.0
Транспорт,national,rolling_3m,1,0.0,0.0
Транспорт,national,spike,1,0.0,0.0
Транспорт,regional,cusum,63,0.9206349206349206,5.26984126984127
Транспорт,regional,ewma,63,0.8095238095238095,3.8253968253968256
Транспорт,regional,rolling_3m,63,0.6825396825396826,2.5555555555555554
Транспорт,regional,spike,63,0.6190476190476191,1.5714285714285714
