target,model,MAE
2024-02,all_decisions,3764.1617056226605
2024-02,hikes_only,3768.008595803568
2024-02,without_news,3768.008595803568
2024-03,all_decisions,3205.5755904451084
2024-03,hikes_only,3174.3908743448815
2024-03,without_news,3169.247628897767
2024-04,all_decisions,1643.1045541360627
2024-04,hikes_only,1621.1518713364385
2024-04,without_news,1629.6455433492065
2024-05,all_decisions,720.8646101503557
2024-05,hikes_only,732.9877679527002
2024-05,without_news,739.6486431148334
2024-06,all_decisions,691.4900681998917
2024-06,hikes_only,692.5983840243716
2024-06,without_news,692.8248530274792
2024-07,all_decisions,813.2628105828938
2024-07,hikes_only,817.1637496635605
2024-07,without_news,824.2276637618331
2024-08,all_decisions,634.3693050053021
2024-08,hikes_only,634.7454210529562
2024-08,without_news,636.8801667031532
2024-09,all_decisions,763.25233090808
2024-09,hikes_only,763.091582343311
2024-09,without_news,760.38465842373
2024-10,all_decisions,811.2472855558472
2024-10,hikes_only,814.4923255237127
2024-10,without_news,814.4923255237127
2024-11,all_decisions,700.2165888113462
2024-11,hikes_only,697.9017731579968
2024-11,without_news,697.9017731579968
2024-12,all_decisions,959.77585937462
2024-12,hikes_only,958.3566246327704
2024-12,without_news,958.3566246327704
