model,strategy,nominal_coverage,coverage,mean_width_rub,mean_interval_score
adaptive_expanding,expanding,0.8,0.6591796875,2177.2788918096917,4949.718556419801
adaptive_expanding,expanding,0.95,0.8818359375,3857.428122674692,8054.983993665062
adaptive_expanding,fixed_jul_aug,0.8,0.6015625,1922.5275403959386,5168.232248592876
adaptive_expanding,fixed_jul_aug,0.95,0.841796875,3322.011451960643,9074.228825853006
adaptive_expanding,rolling_3m,0.8,0.681640625,2265.427147261704,4852.558124951069
adaptive_expanding,rolling_3m,0.95,0.892578125,3974.0047014640695,7836.240840562561
adaptive_rolling_3m,expanding,0.8,0.7119140625,2249.1424495353986,4316.263293389593
adaptive_rolling_3m,expanding,0.95,0.916015625,3897.862774575431,7019.5678776332625
adaptive_rolling_3m,fixed_jul_aug,0.8,0.65234375,1953.9471183308565,4433.487429891907
adaptive_rolling_3m,fixed_jul_aug,0.95,0.896484375,3396.989441198486,7368.417200877962
adaptive_rolling_3m,rolling_3m,0.8,0.7314453125,2345.7524583507534,4309.03705151242
adaptive_rolling_3m,rolling_3m,0.95,0.9208984375,4021.8686617047933,6985.8351879872735
blend_75,expanding,0.8,0.6630859375,2128.9860129601784,4873.980248310384
blend_75,expanding,0.95,0.8984375,3934.063663727537,8048.539119750808
blend_75,fixed_jul_aug,0.8,0.6201171875,1899.8263287713635,5072.299193383427
blend_75,fixed_jul_aug,0.95,0.86328125,3454.9421409396164,8756.29036296874
blend_75,rolling_3m,0.8,0.67578125,2199.1744579720325,4790.982831652175
blend_75,rolling_3m,0.95,0.9072265625,4055.1614261535615,7883.70685667274
prophet,expanding,0.8,0.529296875,3732.5203726508807,13396.630294586917
prophet,expanding,0.95,0.7294921875,6664.473326854142,23669.119651989015
prophet,fixed_jul_aug,0.8,0.4482421875,2805.5902183938306,14115.343502216174
prophet,fixed_jul_aug,0.95,0.681640625,5463.641491320239,28505.402055869414
prophet,rolling_3m,0.8,0.5380859375,3987.219338682229,12797.559164356499
prophet,rolling_3m,0.95,0.73828125,6806.269503843119,22327.543514803354
seasonal_pooled,expanding,0.8,0.759765625,2322.8447098564175,4331.9365549612885
seasonal_pooled,expanding,0.95,0.92578125,4007.514088867132,7375.983946954115
seasonal_pooled,fixed_jul_aug,0.8,0.748046875,2267.9901726675016,4353.330599235282
seasonal_pooled,fixed_jul_aug,0.95,0.9150390625,3822.096557587291,7491.9987880871695
seasonal_pooled,rolling_3m,0.8,0.7646484375,2341.7251134444596,4326.270724455545
seasonal_pooled,rolling_3m,0.95,0.9287109375,4072.769181183401,7342.598374078823
