period,target,decision_month,origin,sample_ids,history_eligible,incomplete_history,unobserved_targets_in_eligible,scored_pairs_per_model
early,2024-02,2024-01,2023-12,256,256,0,5,251
early,2024-03,2024-02,2024-01,256,251,5,0,251
early,2024-04,2024-03,2024-02,256,251,5,0,251
early,2024-05,2024-04,2024-03,256,251,5,0,251
early,2024-06,2024-05,2024-04,256,251,5,0,251
late,2024-09,2024-08,2024-07,256,251,5,0,251
late,2024-10,2024-09,2024-08,256,251,5,0,251
late,2024-11,2024-10,2024-09,256,251,5,0,251
late,2024-12,2024-11,2024-10,256,251,5,0,251
