event_id,territory_id,municipality,method,before_alarm,before_score_observed,event_alarm,event_score_observed,after_alarm,after_score_observed
real_2024_001,1600,Обь,spike,False,True,False,True,False,True
real_2024_001,1600,Обь,rolling_3m,False,True,False,True,False,True
real_2024_001,1600,Обь,ewma,False,True,False,True,False,True
real_2024_001,1600,Обь,cusum,False,True,False,True,False,True
real_2024_001,1600,Обь,bocpd,False,True,False,True,False,True
real_2024_002,627,Новороссийск,spike,,False,,False,,False
real_2024_002,627,Новороссийск,rolling_3m,,False,,False,,False
real_2024_002,627,Новороссийск,ewma,,False,,False,,False
real_2024_002,627,Новороссийск,cusum,,False,,False,,False
real_2024_002,627,Новороссийск,bocpd,,False,,False,,False
real_2024_003,2278,Карабашский,spike,False,True,False,True,False,True
real_2024_003,2278,Карабашский,rolling_3m,False,True,False,True,False,True
real_2024_003,2278,Карабашский,ewma,False,True,False,True,True,True
real_2024_003,2278,Карабашский,cusum,False,True,False,True,False,True
real_2024_003,2278,Карабашский,bocpd,False,True,False,True,False,True
real_2024_004,221,Сегежский,spike,False,True,False,True,False,True
real_2024_004,221,Сегежский,rolling_3m,False,True,False,True,False,True
real_2024_004,221,Сегежский,ewma,False,True,False,True,False,True
real_2024_004,221,Сегежский,cusum,False,True,False,True,False,True
real_2024_004,221,Сегежский,bocpd,False,True,False,True,False,True
real_2024_005,1798,Новочеркасск,spike,,False,,False,,False
real_2024_005,1798,Новочеркасск,rolling_3m,,False,,False,,False
real_2024_005,1798,Новочеркасск,ewma,,False,,False,,False
real_2024_005,1798,Новочеркасск,cusum,,False,,False,,False
real_2024_005,1798,Новочеркасск,bocpd,,False,,False,,False
real_2024_005,1829,Октябрьский,spike,,False,,False,,False
real_2024_005,1829,Октябрьский,rolling_3m,,False,,False,,False
real_2024_005,1829,Октябрьский,ewma,,False,,False,,False
real_2024_005,1829,Октябрьский,cusum,,False,,False,,False
real_2024_005,1829,Октябрьский,bocpd,,False,,False,,False
real_2024_006,478,Чебоксары,spike,False,True,False,True,False,True
real_2024_006,478,Чебоксары,rolling_3m,False,True,False,True,False,True
real_2024_006,478,Чебоксары,ewma,False,True,False,True,False,True
real_2024_006,478,Чебоксары,cusum,False,True,False,True,False,True
real_2024_006,478,Чебоксары,bocpd,False,True,False,True,False,True
