stage,origin,target,claim_id,region_code,published_date,available_from,source_url
training,2023-03,2023-04,warm_2023_2023-04_25_precipitation_source_climate_normal_period_unspecified,25,2023-03-21,2023-03-22,https://www.meteorf.gov.ru/upload/pdf_download/september2023%20%D0%B3..pdf
training,2023-03,2023-04,warm_2023_2023-04_25_temperature_source_climate_normal_period_unspecified,25,2023-03-21,2023-03-22,https://www.meteorf.gov.ru/upload/pdf_download/september2023%20%D0%B3..pdf
training,2023-03,2023-04,warm_2023_2023-04_70_precipitation_source_climate_normal_period_unspecified,70,2023-03-21,2023-03-22,https://www.meteorf.gov.ru/upload/pdf_download/september2023%20%D0%B3..pdf
training,2023-03,2023-04,warm_2023_2023-04_83_precipitation_source_climate_normal_period_unspecified,83,2023-03-21,2023-03-22,https://www.meteorf.gov.ru/upload/pdf_download/september2023%20%D0%B3..pdf
training,2023-04,2023-05,warm_2023_2023-05_25_precipitation_source_climate_normal_period_unspecified,25,2023-03-21,2023-03-22,https://www.meteorf.gov.ru/upload/pdf_download/september2023%20%D0%B3..pdf
training,2023-05,2023-06,warm_2023_2023-06_49_precipitation_source_climate_normal_period_unspecified,49,2023-03-21,2023-03-22,https://www.meteorf.gov.ru/upload/pdf_download/september2023%20%D0%B3..pdf
training,2023-05,2023-06,warm_2023_2023-06_56_precipitation_source_climate_normal_period_unspecified,56,2023-03-21,2023-03-22,https://www.meteorf.gov.ru/upload/pdf_download/september2023%20%D0%B3..pdf
training,2023-06,2023-07,warm_2023_2023-07_25_precipitation_source_climate_normal_period_unspecified,25,2023-03-21,2023-03-22,https://www.meteorf.gov.ru/upload/pdf_download/september2023%20%D0%B3..pdf
training,2023-07,2023-08,warm_2023_2023-08_49_precipitation_source_climate_normal_period_unspecified,49,2023-03-21,2023-03-22,https://www.meteorf.gov.ru/upload/pdf_download/september2023%20%D0%B3..pdf
training,2023-10,2023-11,heating_2023_2024_2023-11_3_temperature_climatology_1991_2020,3,2023-09-28,2023-09-29,https://www.meteorf.gov.ru/upload/pdf_download/2023_2024.pdf
training,2023-10,2023-11,heating_2023_2024_2023-11_75_temperature_climatology_1991_2020,75,2023-09-28,2023-09-29,https://www.meteorf.gov.ru/upload/pdf_download/2023_2024.pdf
training,2023-11,2023-12,heating_2023_2024_2023-12_10_temperature_climatology_1991_2020,10,2023-09-28,2023-09-29,https://www.meteorf.gov.ru/upload/pdf_download/2023_2024.pdf
training,2023-11,2023-12,heating_2023_2024_2023-12_49_temperature_climatology_1991_2020,49,2023-09-28,2023-09-29,https://www.meteorf.gov.ru/upload/pdf_download/2023_2024.pdf
training,2023-11,2023-12,heating_2023_2024_2023-12_51_temperature_climatology_1991_2020,51,2023-09-28,2023-09-29,https://www.meteorf.gov.ru/upload/pdf_download/2023_2024.pdf
training,2023-11,2023-12,heating_2023_2024_2023-12_87_temperature_climatology_1991_2020,87,2023-09-28,2023-09-29,https://www.meteorf.gov.ru/upload/pdf_download/2023_2024.pdf
evaluation,2024-03,2024-04,warm_2024_2024-04_25_temperature_source_climate_normal_period_unspecified,25,2024-03-28,2024-03-29,https://www.meteorf.gov.ru/upload/pdf_download/vg2024%D0%B3_.pdf
evaluation,2024-03,2024-04,warm_2024_2024-04_27_temperature_source_climate_normal_period_unspecified,27,2024-03-28,2024-03-29,https://www.meteorf.gov.ru/upload/pdf_download/vg2024%D0%B3_.pdf
evaluation,2024-03,2024-04,warm_2024_2024-04_28_precipitation_source_climate_normal_period_unspecified,28,2024-03-28,2024-03-29,https://www.meteorf.gov.ru/upload/pdf_download/vg2024%D0%B3_.pdf
evaluation,2024-03,2024-04,warm_2024_2024-04_75_precipitation_source_climate_normal_period_unspecified,75,2024-03-28,2024-03-29,https://www.meteorf.gov.ru/upload/pdf_download/vg2024%D0%B3_.pdf
evaluation,2024-04,2024-05,warm_2024_2024-05_10_precipitation_source_climate_normal_period_unspecified,10,2024-03-28,2024-03-29,https://www.meteorf.gov.ru/upload/pdf_download/vg2024%D0%B3_.pdf
evaluation,2024-04,2024-05,warm_2024_2024-05_29_precipitation_source_climate_normal_period_unspecified,29,2024-03-28,2024-03-29,https://www.meteorf.gov.ru/upload/pdf_download/vg2024%D0%B3_.pdf
evaluation,2024-04,2024-05,warm_2024_2024-05_51_precipitation_source_climate_normal_period_unspecified,51,2024-03-28,2024-03-29,https://www.meteorf.gov.ru/upload/pdf_download/vg2024%D0%B3_.pdf
evaluation,2024-07,2024-08,warm_2024_2024-08_25_precipitation_source_climate_normal_period_unspecified,25,2024-03-28,2024-03-29,https://www.meteorf.gov.ru/upload/pdf_download/vg2024%D0%B3_.pdf
evaluation,2024-08,2024-09,warm_2024_2024-09_17_precipitation_source_climate_normal_period_unspecified,17,2024-03-28,2024-03-29,https://www.meteorf.gov.ru/upload/pdf_download/vg2024%D0%B3_.pdf
evaluation,2024-08,2024-09,warm_2024_2024-09_26_precipitation_source_climate_normal_period_unspecified,26,2024-03-28,2024-03-29,https://www.meteorf.gov.ru/upload/pdf_download/vg2024%D0%B3_.pdf
evaluation,2024-08,2024-09,warm_2024_2024-09_75_precipitation_source_climate_normal_period_unspecified,75,2024-03-28,2024-03-29,https://www.meteorf.gov.ru/upload/pdf_download/vg2024%D0%B3_.pdf
evaluation,2024-10,2024-11,heating_2024_2025_2024-11_75_temperature_climatology_1991_2020,75,2024-09-30,2024-10-01,https://www.meteorf.gov.ru/upload/pdf_download/2024_25.pdf
