horizon,model,MAE,dates,municipalities
1,blend_75,858.2519380021168,6,256
1,chronos_2,1919.5918935139973,6,256
1,chronos_bolt_tiny,2284.980623881022,6,256
1,last,2007.6419270833333,6,256
1,prophet,1807.9841379250468,6,256
1,regional_selected,802.0700027862678,6,256
1,same_month_yoy,867.9917873550395,6,256
1,seasonal_local,867.9917873550395,6,256
1,seasonal_pooled,828.3352723596258,6,256
1,year_ago,4285.578125,6,256
3,blend_75,1133.015832484294,4,256
3,chronos_2,2333.877869606018,4,256
3,chronos_bolt_tiny,2995.0005493164062,4,256
3,last,2663.4482421875,4,256
3,prophet,2271.458284136678,4,256
3,regional_selected,1013.5186108389806,4,256
3,same_month_yoy,1126.1216609807695,4,256
3,seasonal_local,1126.1216609807695,4,256
3,seasonal_pooled,1068.2490278099303,4,256
3,year_ago,4197.626953125,4,256
6,blend_75,1185.5893945792845,1,256
6,chronos_2,7020.093311309814,1,256
6,chronos_bolt_tiny,9375.926780700684,1,256
6,last,6088.8828125,1,256
6,prophet,4319.133218284479,1,256
6,regional_selected,1460.7380809390029,1,256
6,same_month_yoy,1714.3540055644032,1,256
6,seasonal_local,1714.3540055644032,1,256
6,seasonal_pooled,1481.5914836648826,1,256
6,year_ago,4698.0,1,256
