source_url,published_date,title,title_type,sampling_rule,body_chars,title_regions,body_regions,new_body_regions,body_class,weather_prediction_in_body,temporal_status,forecast_period_start,forecast_period_end,review_note,reviewer,review_date,title_predicts_weather
https://www.meteorf.gov.ru/press/news/31214/,2023-01-07,Ледовая обстановка в Японском море по спутниковым данным на 1-3 января 2023 г.,observation_or_review_title,one_per_quarter_and_remaining_title_type_seed20261002,1818,[],[],[],observed_weather,False,not_applicable,,,Ледовая обстановка описана за прошедшие дни; сравнение с прошлым годом.,assistant_single_review_not_independent,2026-10-02,False
https://www.meteorf.gov.ru/press/news/31919/,2023-03-06,Росгидромет подписал контракт на строительство судна «Иван Фролов»,unclassified_title,one_per_quarter_and_remaining_title_type_seed20261002,3025,[],[78],[78],organizational,False,not_applicable,,,Контракт на судно и сроки строительства; не прогноз погоды.,assistant_single_review_not_independent,2026-10-02,False
https://www.meteorf.gov.ru/press/news/32110/,2023-03-21,Вероятностный прогноз температуры и осадков в России на вегетационный период,forecast_title,census_forecast_warning_title,1395,[],[14],[14],weather_forecast,True,explicit_period,2023-04-01,2023-09-30,Вероятностный температурный прогноз на вегетационный период; подробности в приложении.,assistant_single_review_not_independent,2026-10-02,True
https://www.meteorf.gov.ru/press/news/32462/,2023-04-13,Пожарная обстановка в Сибири по спутниковым данным за 11-13 апреля 2023 г.,observation_or_review_title,one_per_quarter_and_remaining_title_type_seed20261002,429,[],"[22, 54]","[22, 54]",observed_weather,False,not_applicable,,,Наблюдавшиеся точки вероятного возгорания; будущий период не задан.,assistant_single_review_not_independent,2026-10-02,False
https://www.meteorf.gov.ru/press/news/32615/,2023-04-25,На дрейфующей полярной станции «Северный полюс-41» проведена частичная ротация персонала,unclassified_title,one_per_quarter_and_remaining_title_type_seed20261002,1116,[],[78],[78],organizational,False,not_applicable,,,Ротация полярной экспедиции; не погодное воздействие на Санкт-Петербург.,assistant_single_review_not_independent,2026-10-02,False
https://www.meteorf.gov.ru/press/news/34175/,2023-08-03,Штормовое предупреждение о сильной жаре по Центральному федеральному округу,warning_title,census_forecast_warning_title,1022,[],"[31, 68, 77]","[31, 68, 77]",weather_forecast,True,explicit_period,2023-08-03,2023-08-07,Жара в Москве и перечисленных областях; разные даты для отдельных территорий.,assistant_single_review_not_independent,2026-10-02,True
https://www.meteorf.gov.ru/press/news/34184/,2023-08-03,Гидрологический обзор 3 августа,unclassified_title,one_per_quarter_and_remaining_title_type_seed20261002,5231,[],"[2, 3, 5, 6, 14, 15, 20, 22, 41, 24, 25, 27, 28, 34, 38, 43, 44, 54, 55, 61, 70, 77]","[2, 3, 5, 6, 14, 15, 20, 22, 24, 25, 27, 28, 34, 38, 41, 43, 44, 54, 55, 61, 70, 77]",mixed_observation_forecast,True,explicit_period,2023-08-04,2023-08-13,В гидрологическом обзоре есть прогнозы до13августа и таблица факта/прогноза; заголовок этого не отражает.,assistant_single_review_not_independent,2026-10-02,False
https://www.meteorf.gov.ru/press/news/34206/,2023-08-04,Анализ фактической и прогноз пожарной опасности в лесах по условиям погоды на территории России 4-8 августа 2023 г,forecast_title,census_forecast_warning_title,3653,[],"[4, 2, 5, 8, 11, 91, 14, 15, 16, 17, 22, 23, 59, 26, 29, 30, 31, 36, 38, 45, 53, 56, 72]","[2, 4, 5, 8, 11, 14, 15, 16, 17, 22, 23, 26, 29, 30, 31, 36, 38, 45, 53, 56, 59, 72, 91]",mixed_observation_forecast,True,explicit_period,2023-08-05,2023-08-08,Факт4августа и прогнозы классов пожарной опасности5–8августа.,assistant_single_review_not_independent,2026-10-02,True
https://www.meteorf.gov.ru/press/news/34571/,2023-08-30,Ученые ААНИИ опубликовали прогноз ледовых условий на трассе СМП,forecast_title,census_forecast_warning_title,490,[],[],[],weather_forecast,True,explicit_period,2023-08-30,2023-10-31,"Прогноз льда до конца октября; морские районы, не воздействие на все МО.",assistant_single_review_not_independent,2026-10-02,True
https://www.meteorf.gov.ru/press/news/34796/,2023-09-18,Пожарная обстановка на европейской территории России за 9-15 сентября 2023 г.,observation_or_review_title,one_per_quarter_and_remaining_title_type_seed20261002,1941,[],"[5, 23, 29, 33, 40, 60, 61]","[5, 23, 29, 33, 40, 60, 61]",observed_weather,False,not_applicable,,,Наблюдавшиеся возгорания9–15сентября.,assistant_single_review_not_independent,2026-10-02,False
https://www.meteorf.gov.ru/press/news/34921/,2023-09-28,Прогноз на отопительный период в России октябрь 2023 г. - март 2024 г.,forecast_title,census_forecast_warning_title,464,[],[],[],linked_forecast_only,False,external_document,,,Текст сообщает о готовности прогноза; собственно прогноз в2023_2024.pdf.,assistant_single_review_not_independent,2026-10-02,True
https://www.meteorf.gov.ru/press/news/35336/,2023-11-10,В Росгидромете обсудили перспективы развития группировки МКА,unclassified_title,one_per_quarter_and_remaining_title_type_seed20261002,1687,[],[],[],organizational,False,not_applicable,,,"Обсуждение спутниковой программы, не прогноз погоды.",assistant_single_review_not_independent,2026-10-02,False
https://www.meteorf.gov.ru/press/news/35415/,2023-11-17,Прогноз погоды от Гидрометцентра на выставке-форуме «Россия»,forecast_title,census_forecast_warning_title,781,[],[],[],organizational,False,not_applicable,,,Анонс телевизионных выпусков; конкретных будущих погодных условий в тексте нет.,assistant_single_review_not_independent,2026-10-02,True
https://www.meteorf.gov.ru/press/news/35504/,2023-11-24,Предупреждение о комплексе неблагоприятных явлений погоды 26-27 ноября по Центральному федеральному округу,warning_title,census_forecast_warning_title,1661,[],"[44, 50, 62, 69, 77]","[44, 50, 62, 69, 77]",weather_forecast,True,explicit_period,2023-11-26,2023-11-27,"Снег, ветер и гололёд26–27ноября; перечислены области и Москва.",assistant_single_review_not_independent,2026-10-02,True
https://www.meteorf.gov.ru/press/news/35556/,2023-11-28,Обзор погодных условий в Европейском регионе в период с 25 по 27 ноября 2023 г.,observation_or_review_title,one_per_quarter_and_remaining_title_type_seed20261002,5110,[],"[1, 5, 91, 23, 26, 31, 44, 50, 56, 58, 61, 62]","[1, 5, 23, 26, 31, 44, 50, 56, 58, 61, 62, 91]",observed_weather,False,not_applicable,,,"Ретроспективный обзор25–27ноября, без нового будущего прогноза.",assistant_single_review_not_independent,2026-10-02,False
https://www.meteorf.gov.ru/press/news/35679/,2023-12-05,СЕАКОФ-25 спрогнозирует зимний период,forecast_title,census_forecast_warning_title,1742,[],[77],[77],organizational,False,not_applicable,,,Климатический форум; результаты прогноза не приведены.,assistant_single_review_not_independent,2026-10-02,True
https://www.meteorf.gov.ru/press/news/35815/,2023-12-12,Предупреждение о комплексе неблагоприятных явлений погоды 14-15 декабря по Центральному федеральному округу,warning_title,census_forecast_warning_title,948,[],"[40, 50, 77]","[40, 50, 77]",weather_forecast,True,explicit_period,2023-12-14,2023-12-15,Снег и метели14–15декабря; дата составления12декабря.,assistant_single_review_not_independent,2026-10-02,True
https://www.meteorf.gov.ru/press/news/36091/,2023-12-29,Штормовое предупреждение об аномально холодной погоде в Центральном федеральном округе,warning_title,census_forecast_warning_title,964,[],"[50, 77]","[50, 77]",weather_forecast,True,explicit_period,2023-12-31,2024-01-05,"В Москве похолодание начинается31декабря; общий прогноз1–5января. Дата составления28декабря, публикация29декабря.",assistant_single_review_not_independent,2026-10-02,True
https://www.meteorf.gov.ru/press/news/36098/,2023-12-29,Прогноз погоды по Москве и Московской области на 30 декабря 2023 г. – 7 января 2024 г.,forecast_title,census_forecast_warning_title,1526,"[50, 77]",[77],[],weather_forecast,True,explicit_period,2023-12-30,2024-01-07,Прогноз по дням для Москвы и области30декабря–7января.,assistant_single_review_not_independent,2026-10-02,True
https://www.meteorf.gov.ru/press/news/36225/,2024-01-09,Обзор погодных условий в Хабаровском крае за 8 января 2024 г.,observation_or_review_title,one_per_quarter_and_remaining_title_type_seed20261002,866,[27],[27],[],weather_forecast,True,relative_date_ambiguous,,,"Сегодня/ночью/во вторник; заголовок8января, публикация9января. Не назначать будущую дату автоматически.",assistant_single_review_not_independent,2026-10-02,False
https://www.meteorf.gov.ru/press/news/37023/,2024-03-15,Справка об ожидаемом характере весеннего половодья 2024 года на реках Российской Федерации и предварительный прогноз притока воды в крупные водохранилища во втором квартале,forecast_title,census_forecast_warning_title,946,[],[],[],linked_forecast_only,False,external_document,,,Справка о половодье вынесена вSpravka1.pdf; в теле только сообщение о выпуске.,assistant_single_review_not_independent,2026-10-02,True
https://www.meteorf.gov.ru/press/news/37048/,2024-03-19,Заседание Консультативного совета при Росгидромете,unclassified_title,one_per_quarter_and_remaining_title_type_seed20261002,1949,[],[78],[78],organizational,False,not_applicable,,,Совет по образованию; Санкт-Петербург упомянут как место будущего съезда.,assistant_single_review_not_independent,2026-10-02,False
https://www.meteorf.gov.ru/press/news/37124/,2024-03-27,О прогнозе пожарной опасности на территории Российской Федерации в 2024 году,forecast_title,census_forecast_warning_title,574,[],[],[],linked_forecast_only,False,external_document,,,Методическое описание оценки; региональный прогноз вfire2024.pdf.,assistant_single_review_not_independent,2026-10-02,True
https://www.meteorf.gov.ru/press/news/37143/,2024-03-28,Вероятностный прогноз температуры и осадков в России на вегетационный период (апрель - сентябрь) 2024г,forecast_title,census_forecast_warning_title,1318,[],[14],[14],weather_forecast,True,explicit_period,2024-04-01,2024-09-30,Вероятностный температурный прогноз и дефицит осадков на севере Якутии; подробности вPDF.,assistant_single_review_not_independent,2026-10-02,True
https://www.meteorf.gov.ru/press/news/37385/,2024-04-22,"Опасные и неблагоприятные явления на реках, озерах и водохранилищах Российской Федерации по состоянию на 22 апреля 2024 г.",observation_or_review_title,one_per_quarter_and_remaining_title_type_seed20261002,9191,[],"[2, 6, 10, 11, 13, 15, 18, 20, 22, 75, 41, 59, 25, 27, 28, 29, 30, 34, 35, 36, 42, 43, 44, 45, 47, 50, 53, 54, 55, 56, 62, 63, 67, 68, 69, 70, 72, 73, 74]","[2, 6, 10, 11, 13, 15, 18, 20, 22, 25, 27, 28, 29, 30, 34, 35, 36, 41, 42, 43, 44, 45, 47, 50, 53, 54, 55, 56, 59, 62, 63, 67, 68, 69, 70, 72, 73, 74, 75]",mixed_observation_forecast,True,explicit_period,2024-04-22,2024-04-26,Таблица содержит одновременно факт и прогноз достижения/сохранения опасных отметок; отдельные сроки до26апреля.,assistant_single_review_not_independent,2026-10-02,False
https://www.meteorf.gov.ru/press/news/37803/,2024-06-05,"Председатель Комитета по экологии, природным ресурсам и охране окружающей среды Дмитрий Кобылкин поздравил коллектив Росгидромета с Днём эколога",unclassified_title,one_per_quarter_and_remaining_title_type_seed20261002,602,[],[],[],organizational,False,not_applicable,,,Поздравление; слово прогнозирование не является прогнозом события.,assistant_single_review_not_independent,2026-10-02,False
https://www.meteorf.gov.ru/press/news/37847/,2024-06-10,Штормовое предупреждение о комплексе неблагоприятных и опасных метеорологических явлений по Центральному федеральному округу,warning_title,census_forecast_warning_title,916,[],"[36, 46, 77]","[36, 46, 77]",weather_forecast,True,explicit_period,2024-06-11,2024-06-13,"Предупреждение о дождях, ветре, грозах и жаре11–13июня; география различается по дням.",assistant_single_review_not_independent,2026-10-02,True
https://www.meteorf.gov.ru/press/news/38050/,2024-07-02,Обзор погодных условий на Дальнем Востоке за 1 июля 2024 г.,observation_or_review_title,one_per_quarter_and_remaining_title_type_seed20261002,1083,[],"[14, 27, 49]","[14, 27, 49]",mixed_observation_forecast,True,relative_date_ambiguous,,,"Сегодня и ожидаемая погода, заголовок1июля, публикация2июля; будущий календарный период неоднозначен.",assistant_single_review_not_independent,2026-10-02,False
https://www.meteorf.gov.ru/press/news/38439/,2024-08-18,Предупреждение о Цунами,warning_title,census_forecast_warning_title,1251,[],[25],[25],weather_forecast,True,conflicting_dates,,,"Землетрясение17.08.2024, таблица волн17.07.2024, публикация18.08.2024. Приморье явно исключено из угрозы; нельзя исправлять даты догадкой.",assistant_single_review_not_independent,2026-10-02,True
https://www.meteorf.gov.ru/press/news/38554/,2024-08-30,Пресс-конференция Романа Вильфанда в РИА Новости,unclassified_title,one_per_quarter_and_remaining_title_type_seed20261002,547,[],[],[],organizational,False,not_applicable,,,Анонс пресс-конференции; конкретный прогноз не приведён.,assistant_single_review_not_independent,2026-10-02,False
https://www.meteorf.gov.ru/press/news/38673/,2024-09-13,Разработана новая технология сезонного прогнозирования,forecast_title,census_forecast_warning_title,1965,[],[],[],organizational,False,not_applicable,,,Описание технологии и её прошлых оценок; будущие погодные значения не сообщаются.,assistant_single_review_not_independent,2026-10-02,True
https://www.meteorf.gov.ru/press/news/38812/,2024-09-30,Прогноз на отопительный период в России октябрь 2024 г. - март 2025 г.,forecast_title,census_forecast_warning_title,464,[],[],[],linked_forecast_only,False,external_document,,,В теле сообщение о подготовке; прогноз в2024_25.pdf.,assistant_single_review_not_independent,2026-10-02,True
https://www.meteorf.gov.ru/press/news/39201/,2024-12-03,Обзор погодных условий в Хабаровском крае за 1 декабря 2024 г.,observation_or_review_title,one_per_quarter_and_remaining_title_type_seed20261002,963,[27],[27],[],weather_forecast,True,relative_date_ambiguous,,,"Сегодня/в понедельник; заголовок1декабря, публикация3декабря. Приписывать текст следующему месяцу нельзя.",assistant_single_review_not_independent,2026-10-02,False
https://www.meteorf.gov.ru/press/news/39315/,2024-12-26,Гидрологический обзор 26 декабря 2024 г.,unclassified_title,one_per_quarter_and_remaining_title_type_seed20261002,331,[],"[23, 24]","[23, 24]",observed_weather,False,not_applicable,,,Ретроспективное состояние рек без будущего прогноза.,assistant_single_review_not_independent,2026-10-02,False
