horizon,model,target,MAE,observations
1,direct_context,2024-01,11862.988138626664,251
1,direct_context,2024-02,3331.0166246627327,251
1,direct_context,2024-03,3154.6494829494745,251
1,direct_context,2024-04,1569.0638102312694,251
1,direct_context,2024-05,753.8417834798252,251
1,direct_context,2024-06,679.3320983936419,251
1,direct_context,2024-07,599.812093822091,251
1,direct_context,2024-08,608.5964534822125,251
1,direct_context,2024-09,825.956868593486,251
1,direct_context,2024-10,891.2681315315848,251
1,direct_context,2024-11,784.5296091114828,251
1,direct_context,2024-12,961.1475721427713,251
1,direct_lags,2024-01,11832.264859290772,251
1,direct_lags,2024-02,3402.688714827893,251
1,direct_lags,2024-03,3101.3799002206074,251
1,direct_lags,2024-04,1592.3558264573178,251
1,direct_lags,2024-05,728.9570063328047,251
1,direct_lags,2024-06,650.9624617091719,251
1,direct_lags,2024-07,814.0662850118467,251
1,direct_lags,2024-08,634.9365465546475,251
1,direct_lags,2024-09,766.8836280402443,251
1,direct_lags,2024-10,866.2967713129591,251
1,direct_lags,2024-11,690.2513240350327,251
1,direct_lags,2024-12,905.7356983711899,251
1,prophet_pooled_profile,2024-01,3706.673090672897,251
1,prophet_pooled_profile,2024-02,1120.1187971958523,251
1,prophet_pooled_profile,2024-03,2014.8635715050393,251
1,prophet_pooled_profile,2024-04,1038.7354878449619,251
1,prophet_pooled_profile,2024-05,947.4718907970253,251
1,prophet_pooled_profile,2024-06,991.4830264006582,251
1,prophet_pooled_profile,2024-07,1080.4753691116714,251
1,prophet_pooled_profile,2024-08,971.0956104957858,251
1,prophet_pooled_profile,2024-09,2083.59840083588,251
1,prophet_pooled_profile,2024-10,935.2935313356269,251
1,prophet_pooled_profile,2024-11,1107.7928786950124,251
1,prophet_pooled_profile,2024-12,3394.529940035605,251
1,prophet_yearly3,2024-01,11633.954127619443,251
1,prophet_yearly3,2024-02,1225.3153577935923,251
1,prophet_yearly3,2024-03,1088.958056457233,251
1,prophet_yearly3,2024-04,1320.6952107135146,251
1,prophet_yearly3,2024-05,1681.820685500019,251
1,prophet_yearly3,2024-06,958.8720696555646,251
1,prophet_yearly3,2024-07,1106.3991337021703,251
1,prophet_yearly3,2024-08,989.4950622007702,251
1,prophet_yearly3,2024-09,835.044220345168,251
1,prophet_yearly3,2024-10,996.1002547080234,251
1,prophet_yearly3,2024-11,2604.3710684474913,251
1,prophet_yearly3,2024-12,4388.188209351762,251
1,seasonal_naive,2024-01,2512.812749003984,251
1,seasonal_naive,2024-02,3369.6733067729083,251
1,seasonal_naive,2024-03,3997.7410358565735,251
1,seasonal_naive,2024-04,4918.282868525896,251
1,seasonal_naive,2024-05,4541.549800796813,251
1,seasonal_naive,2024-06,4963.4302788844625,251
1,seasonal_naive,2024-07,4597.003984063745,251
1,seasonal_naive,2024-08,4560.99203187251,251
1,seasonal_naive,2024-09,3865.0438247011953,251
1,seasonal_naive,2024-10,4575.326693227092,251
1,seasonal_naive,2024-11,3969.4581673306775,251
1,seasonal_naive,2024-12,4851.386454183267,251
1,seasonal_pooled,2024-01,2215.4338442787125,251
1,seasonal_pooled,2024-02,1074.0405179905094,251
1,seasonal_pooled,2024-03,746.0506141113792,251
1,seasonal_pooled,2024-04,1383.1492168586428,251
1,seasonal_pooled,2024-05,835.8275643906138,251
1,seasonal_pooled,2024-06,689.0706451516868,251
1,seasonal_pooled,2024-07,889.0163072317187,251
1,seasonal_pooled,2024-08,619.9079946565488,251
1,seasonal_pooled,2024-09,799.9179905818258,251
1,seasonal_pooled,2024-10,809.1078822922943,251
1,seasonal_pooled,2024-11,772.3211849487411,251
1,seasonal_pooled,2024-12,915.8907248077412,251
3,direct_context,2024-03,1355.9957967111113,251
3,direct_context,2024-04,1732.3245673203958,251
3,direct_context,2024-05,3684.414107031904,251
3,direct_context,2024-06,1251.2420372828726,251
3,direct_context,2024-07,1366.079614104598,251
3,direct_context,2024-08,968.7523328631702,251
3,direct_context,2024-09,1204.6297681471017,251
3,direct_context,2024-10,834.9645155001414,251
3,direct_context,2024-11,1141.9995878372486,251
3,direct_context,2024-12,1060.4726445566448,251
3,direct_lags,2024-03,1354.1019329038234,251
3,direct_lags,2024-04,1756.3790918091536,251
3,direct_lags,2024-05,1413.3974303349305,251
3,direct_lags,2024-06,1282.8162051158995,251
3,direct_lags,2024-07,1214.7382952431299,251
3,direct_lags,2024-08,1183.026463467779,251
3,direct_lags,2024-09,1300.153521944465,251
3,direct_lags,2024-10,819.335158463962,251
3,direct_lags,2024-11,1060.9428740472263,251
3,direct_lags,2024-12,1127.1650556762872,251
3,prophet_pooled_profile,2024-03,1376.9290650249775,251
3,prophet_pooled_profile,2024-04,1543.6349471505584,251
3,prophet_pooled_profile,2024-05,1611.9244744764064,251
3,prophet_pooled_profile,2024-06,1324.3065862181581,251
3,prophet_pooled_profile,2024-07,1428.8231517536537,251
3,prophet_pooled_profile,2024-08,1338.8871092802215,251
3,prophet_pooled_profile,2024-09,1936.1515470143445,251
3,prophet_pooled_profile,2024-10,1308.9034075264965,251
3,prophet_pooled_profile,2024-11,1700.3578705120558,251
3,prophet_pooled_profile,2024-12,3079.7439570209335,251
3,prophet_yearly3,2024-03,9679.373986010813,251
3,prophet_yearly3,2024-04,1230.1727476413903,251
3,prophet_yearly3,2024-05,1812.0621117106048,251
3,prophet_yearly3,2024-06,1548.3468200409425,251
3,prophet_yearly3,2024-07,1191.0919108883447,251
3,prophet_yearly3,2024-08,1236.7647863950003,251
3,prophet_yearly3,2024-09,1115.956441258354,251
3,prophet_yearly3,2024-10,1292.2730045465592,251
3,prophet_yearly3,2024-11,2513.5324856114785,251
3,prophet_yearly3,2024-12,3454.8417469831434,251
3,seasonal_naive,2024-03,3997.7410358565735,251
3,seasonal_naive,2024-04,4918.282868525896,251
3,seasonal_naive,2024-05,4541.549800796813,251
3,seasonal_naive,2024-06,4963.4302788844625,251
3,seasonal_naive,2024-07,4597.003984063745,251
3,seasonal_naive,2024-08,4560.99203187251,251
3,seasonal_naive,2024-09,3865.0438247011953,251
3,seasonal_naive,2024-10,4575.326693227092,251
3,seasonal_naive,2024-11,3969.4581673306775,251
3,seasonal_naive,2024-12,4851.386454183267,251
3,seasonal_pooled,2024-03,3908.698044597986,251
3,seasonal_pooled,2024-04,2746.1577044432966,251
3,seasonal_pooled,2024-05,1378.6021423974582,251
3,seasonal_pooled,2024-06,1316.9855086908592,251
3,seasonal_pooled,2024-07,1460.375153424376,251
3,seasonal_pooled,2024-08,1085.7062026735787,251
3,seasonal_pooled,2024-09,1167.9066384367804,251
3,seasonal_pooled,2024-10,1060.0035546123208,251
3,seasonal_pooled,2024-11,1135.481390334475,251
3,seasonal_pooled,2024-12,1070.4879952014205,251
6,direct_context,2024-06,8077.230660963258,252
6,direct_context,2024-07,4638.925190079362,251
6,direct_context,2024-08,5962.5520060842655,251
6,direct_context,2024-09,1227.563091499698,251
6,direct_context,2024-10,1336.6481389168857,251
6,direct_context,2024-11,1378.4790678528457,251
6,direct_context,2024-12,1299.957508148696,251
6,direct_lags,2024-06,7637.30446902323,252
6,direct_lags,2024-07,5100.088063888103,251
6,direct_lags,2024-08,4189.179375173764,251
6,direct_lags,2024-09,1134.7020671864382,251
6,direct_lags,2024-10,1334.35165248207,251
6,direct_lags,2024-11,1348.9224080967479,251
6,direct_lags,2024-12,1575.7156466245024,251
6,prophet_pooled_profile,2024-06,1814.677749536134,252
6,prophet_pooled_profile,2024-07,2097.028369441831,251
6,prophet_pooled_profile,2024-08,2076.079748950127,251
6,prophet_pooled_profile,2024-09,1751.1486344665882,251
6,prophet_pooled_profile,2024-10,1391.5616943870805,251
6,prophet_pooled_profile,2024-11,1578.9666117281924,251
6,prophet_pooled_profile,2024-12,2851.9560647188755,251
6,prophet_yearly3,2024-06,8060.85272689927,252
6,prophet_yearly3,2024-07,1530.4109395492733,251
6,prophet_yearly3,2024-08,1733.5539121255756,251
6,prophet_yearly3,2024-09,1540.2087767422368,251
6,prophet_yearly3,2024-10,1673.1081083119143,251
6,prophet_yearly3,2024-11,2581.2104834157076,251
6,prophet_yearly3,2024-12,3431.6041817390305,251
6,seasonal_naive,2024-06,4959.226190476191,252
6,seasonal_naive,2024-07,4597.003984063745,251
6,seasonal_naive,2024-08,4560.99203187251,251
6,seasonal_naive,2024-09,3865.0438247011953,251
6,seasonal_naive,2024-10,4575.326693227092,251
6,seasonal_naive,2024-11,3969.4581673306775,251
6,seasonal_naive,2024-12,4851.386454183267,251
6,seasonal_pooled,2024-06,4938.711846328805,252
6,seasonal_pooled,2024-07,2146.485790682646,251
6,seasonal_pooled,2024-08,1386.4786970799469,251
6,seasonal_pooled,2024-09,967.4157640925057,251
6,seasonal_pooled,2024-10,1164.6138495437558,251
6,seasonal_pooled,2024-11,1143.3770904680969,251
6,seasonal_pooled,2024-12,1648.4047388410052,251
12,direct_context__seasonal_fallback_not_trainable,2024-12,4853.746031746032,252
12,direct_lags__seasonal_fallback_not_trainable,2024-12,4853.746031746032,252
12,prophet_pooled_profile,2024-12,3002.2064227177693,252
12,prophet_yearly3,2024-12,7619.136542891829,252
12,seasonal_naive,2024-12,4853.746031746032,252
12,seasonal_pooled,2024-12,4853.746031746032,252
