source_url,region_code,available_from_scenario,forecast_date,before_target_month,regional_lookup_ids,expense_forecast_ids,target_month,hazard_warning_verified,use_for_shock_prediction,exposure_scope
https://61.mchs.gov.ru/deyatelnost/press-centr/operativnaya-informaciya/5186346,61,2024-01-09,2024-01-09,False,55,0,2024-01,False,False,regional_not_confirmed_municipal_impact
https://66.mchs.gov.ru/deyatelnost/press-centr/operativnaya-informaciya/5189535,66,2024-01-13,2024-01-13,False,73,66,2024-01,False,False,regional_not_confirmed_municipal_impact
https://66.mchs.gov.ru/deyatelnost/press-centr/operativnaya-informaciya/prognozy/5190814,66,2024-01-15,2024-01-15,False,73,66,2024-01,False,False,regional_not_confirmed_municipal_impact
https://21.mchs.gov.ru/deyatelnost/press-centr/operativnaya-informaciya/5195361,21,2024-01-21,2024-01-21,False,26,24,2024-01,False,False,regional_not_confirmed_municipal_impact
https://66.mchs.gov.ru/deyatelnost/press-centr/operativnaya-informaciya/5197477,66,2024-01-24,2024-01-24,False,73,66,2024-01,False,False,regional_not_confirmed_municipal_impact
https://10.mchs.gov.ru/deyatelnost/press-centr/vse_novosti/5199603,10,2024-01-27,2024-01-27,False,18,18,2024-01,False,False,regional_not_confirmed_municipal_impact
https://54.mchs.gov.ru/deyatelnost/press-centr/operativnaya-informaciya/5201314,54,2024-01-30,2024-02-01,True,35,35,2024-02,False,False,regional_not_confirmed_municipal_impact
https://66.mchs.gov.ru/deyatelnost/press-centr/operativnaya-informaciya/5211879,66,2024-02-14,2024-02-14,False,73,66,2024-02,False,False,regional_not_confirmed_municipal_impact
https://66.mchs.gov.ru/deyatelnost/press-centr/operativnaya-informaciya/5212475,66,2024-02-15,2024-02-15,False,73,66,2024-02,False,False,regional_not_confirmed_municipal_impact
https://46.mchs.gov.ru/deyatelnost/press-centr/operativnaya-informaciya/prognozy/5229907,46,2024-03-11,2024-03-11,False,33,0,2024-03,False,False,regional_not_confirmed_municipal_impact
https://74.mchs.gov.ru/deyatelnost/press-centr/operativnaya-informaciya/prognozy/5229864,74,2024-03-11,2024-03-11,False,43,37,2024-03,False,False,regional_not_confirmed_municipal_impact
https://45.mchs.gov.ru/deyatelnost/press-centr/vse_novosti/5230443,45,2024-03-12,2024-03-12,False,26,24,2024-03,False,False,regional_not_confirmed_municipal_impact
https://74.mchs.gov.ru/deyatelnost/press-centr/vse_novosti/5235469,74,2024-03-19,2024-03-19,False,43,37,2024-03,False,False,regional_not_confirmed_municipal_impact
https://54.mchs.gov.ru/deyatelnost/press-centr/operativnaya-informaciya/prognozy/5241400,54,2024-03-28,2024-04-01,True,35,35,2024-04,False,False,regional_not_confirmed_municipal_impact
https://10.mchs.gov.ru/deyatelnost/press-centr/operativnaya-informaciya/5242454,10,2024-03-29,2024-03-29,False,18,18,2024-03,False,False,regional_not_confirmed_municipal_impact
https://21.mchs.gov.ru/deyatelnost/press-centr/operativnaya-informaciya/5245149,21,2024-04-02,2024-04-02,False,26,23,2024-04,False,False,regional_not_confirmed_municipal_impact
https://72.mchs.gov.ru/deyatelnost/press-centr/operativnaya-informaciya/prognozy/5254899,72,2024-04-15,2024-04-15,False,26,24,2024-04,False,False,regional_not_confirmed_municipal_impact
https://45.mchs.gov.ru/deyatelnost/press-centr/vse_novosti/5255472,45,2024-04-16,2024-04-16,False,26,24,2024-04,False,False,regional_not_confirmed_municipal_impact
https://45.mchs.gov.ru/deyatelnost/press-centr/operativnaya-informaciya/prognozy/5256224,45,2024-04-17,2024-04-17,False,26,24,2024-04,False,False,regional_not_confirmed_municipal_impact
https://10.mchs.gov.ru/deyatelnost/press-centr/operativnaya-informaciya/5259348,10,2024-04-21,2024-04-21,False,18,18,2024-04,False,False,regional_not_confirmed_municipal_impact
https://45.mchs.gov.ru/deyatelnost/press-centr/operativnaya-informaciya/5259955,45,2024-04-23,2024-04-22,False,26,24,2024-04,False,False,regional_not_confirmed_municipal_impact
https://72.mchs.gov.ru/deyatelnost/press-centr/vse_novosti/5262353,72,2024-04-25,2024-04-25,False,26,24,2024-04,False,False,regional_not_confirmed_municipal_impact
https://45.mchs.gov.ru/deyatelnost/press-centr/operativnaya-informaciya/prognozy/5263017,45,2024-04-26,2024-04-26,False,26,24,2024-04,False,False,regional_not_confirmed_municipal_impact
https://54.mchs.gov.ru/deyatelnost/press-centr/operativnaya-informaciya/5264750,54,2024-04-28,2024-05-01,True,35,35,2024-05,False,False,regional_not_confirmed_municipal_impact
https://72.mchs.gov.ru/deyatelnost/press-centr/vse_novosti/5264588,72,2024-04-28,2024-04-28,False,26,24,2024-04,False,False,regional_not_confirmed_municipal_impact
https://72.mchs.gov.ru/deyatelnost/press-centr/operativnaya-informaciya/prognozy/5267311,72,2024-05-02,2024-05-02,False,26,24,2024-05,False,False,regional_not_confirmed_municipal_impact
https://66.mchs.gov.ru/deyatelnost/press-centr/vse_novosti/5279410,66,2024-05-18,2024-05-18,False,73,65,2024-05,False,False,regional_not_confirmed_municipal_impact
https://72.mchs.gov.ru/deyatelnost/press-centr/operativnaya-informaciya/prognozy/5286425,72,2024-05-28,2024-05-28,False,26,24,2024-05,False,False,regional_not_confirmed_municipal_impact
https://54.mchs.gov.ru/deyatelnost/press-centr/operativnaya-informaciya/5287188,54,2024-05-29,2024-06-01,True,35,35,2024-06,False,False,regional_not_confirmed_municipal_impact
https://72.mchs.gov.ru/deyatelnost/press-centr/operativnaya-informaciya/prognozy/5287151,72,2024-05-29,2024-05-29,False,26,24,2024-05,False,False,regional_not_confirmed_municipal_impact
https://66.mchs.gov.ru/deyatelnost/press-centr/operativnaya-informaciya/5289754,66,2024-06-01,2024-06-01,False,73,64,2024-06,False,False,regional_not_confirmed_municipal_impact
https://72.mchs.gov.ru/deyatelnost/press-centr/vse_novosti/5289785,72,2024-06-01,2024-06-01,False,26,24,2024-06,False,False,regional_not_confirmed_municipal_impact
https://46.mchs.gov.ru/deyatelnost/press-centr/operativnaya-informaciya/5300024,46,2024-06-15,2024-06-15,False,33,0,2024-06,False,False,regional_not_confirmed_municipal_impact
https://72.mchs.gov.ru/deyatelnost/press-centr/operativnaya-informaciya/prognozy/5305103,72,2024-06-22,2024-06-22,False,26,24,2024-06,False,False,regional_not_confirmed_municipal_impact
https://54.mchs.gov.ru/deyatelnost/press-centr/operativnaya-informaciya/5307847,54,2024-06-26,2024-07-01,True,35,35,2024-07,False,False,regional_not_confirmed_municipal_impact
https://25.mchs.gov.ru/deyatelnost/press-centr/operativnaya-informaciya/prognozy/5323663,25,2024-07-19,2024-07-19,False,34,33,2024-07,False,False,regional_not_confirmed_municipal_impact
https://46.mchs.gov.ru/deyatelnost/press-centr/vse_novosti/5326714,46,2024-07-23,2024-07-23,False,33,0,2024-07,False,False,regional_not_confirmed_municipal_impact
https://54.mchs.gov.ru/deyatelnost/press-centr/operativnaya-informaciya/5328766,54,2024-07-26,2024-08-01,True,35,35,2024-08,False,False,regional_not_confirmed_municipal_impact
https://21.mchs.gov.ru/deyatelnost/press-centr/operativnaya-informaciya/5336324,21,2024-08-07,2024-08-07,False,26,23,2024-08,False,False,regional_not_confirmed_municipal_impact
https://46.mchs.gov.ru/deyatelnost/press-centr/operativnaya-informaciya/prognozy/5337882,46,2024-08-09,2024-08-09,False,33,0,2024-08,False,False,regional_not_confirmed_municipal_impact
https://25.mchs.gov.ru/deyatelnost/press-centr/vse_novosti/5338831,25,2024-08-11,2024-08-11,False,34,33,2024-08,False,False,regional_not_confirmed_municipal_impact
https://46.mchs.gov.ru/deyatelnost/press-centr/operativnaya-informaciya/prognozy/5339012,46,2024-08-11,2024-08-11,False,33,0,2024-08,False,False,regional_not_confirmed_municipal_impact
https://46.mchs.gov.ru/deyatelnost/press-centr/operativnaya-informaciya/prognozy/5339528,46,2024-08-12,2024-08-12,False,33,0,2024-08,False,False,regional_not_confirmed_municipal_impact
https://66.mchs.gov.ru/deyatelnost/press-centr/operativnaya-informaciya/5340149,66,2024-08-13,2024-08-13,False,73,64,2024-08,False,False,regional_not_confirmed_municipal_impact
https://10.mchs.gov.ru/deyatelnost/press-centr/vse_novosti/5342844,10,2024-08-17,2024-08-17,False,18,18,2024-08,False,False,regional_not_confirmed_municipal_impact
https://46.mchs.gov.ru/deyatelnost/press-centr/vse_novosti/5347259,46,2024-08-24,2024-08-24,False,33,0,2024-08,False,False,regional_not_confirmed_municipal_impact
https://72.mchs.gov.ru/deyatelnost/press-centr/operativnaya-informaciya/prognozy/5349015,72,2024-08-27,2024-08-27,False,26,24,2024-08,False,False,regional_not_confirmed_municipal_impact
https://46.mchs.gov.ru/deyatelnost/press-centr/vse_novosti/5356916,46,2024-09-08,2024-09-08,False,33,0,2024-09,False,False,regional_not_confirmed_municipal_impact
https://46.mchs.gov.ru/deyatelnost/press-centr/operativnaya-informaciya/prognozy/5360590,46,2024-09-14,2024-09-14,False,33,0,2024-09,False,False,regional_not_confirmed_municipal_impact
https://61.mchs.gov.ru/deyatelnost/press-centr/operativnaya-informaciya/5361275,61,2024-09-15,2024-09-15,False,55,0,2024-09,False,False,regional_not_confirmed_municipal_impact
https://72.mchs.gov.ru/deyatelnost/press-centr/operativnaya-informaciya/prognozy/5364208,72,2024-09-20,2024-09-20,False,26,24,2024-09,False,False,regional_not_confirmed_municipal_impact
https://46.mchs.gov.ru/deyatelnost/press-centr/operativnaya-informaciya/prognozy/5367035,46,2024-09-24,2024-09-24,False,33,0,2024-09,False,False,regional_not_confirmed_municipal_impact
https://61.mchs.gov.ru/deyatelnost/press-centr/vse_novosti/5369979,61,2024-09-28,2024-09-28,False,55,0,2024-09,False,False,regional_not_confirmed_municipal_impact
https://61.mchs.gov.ru/deyatelnost/press-centr/vse_novosti/5371721,61,2024-10-01,2024-10-01,False,55,0,2024-10,False,False,regional_not_confirmed_municipal_impact
https://31.mchs.gov.ru/deyatelnost/press-centr/operativnaya-informaciya/5376156,31,2024-10-08,2024-10-08,False,22,0,2024-10,False,False,regional_not_confirmed_municipal_impact
https://46.mchs.gov.ru/deyatelnost/press-centr/operativnaya-informaciya/5379559,46,2024-10-12,2024-10-12,False,33,0,2024-10,False,False,regional_not_confirmed_municipal_impact
https://72.mchs.gov.ru/deyatelnost/press-centr/operativnaya-informaciya/prognozy/5405241,72,2024-11-23,2024-11-23,False,26,24,2024-11,False,False,regional_not_confirmed_municipal_impact
https://25.mchs.gov.ru/deyatelnost/press-centr/operativnaya-informaciya/5407429,25,2024-11-27,2024-11-27,False,34,33,2024-11,False,False,regional_not_confirmed_municipal_impact
https://66.mchs.gov.ru/deyatelnost/press-centr/vse_novosti/5409015,66,2024-11-29,2024-11-29,False,73,64,2024-11,False,False,regional_not_confirmed_municipal_impact
https://66.mchs.gov.ru/deyatelnost/press-centr/operativnaya-informaciya/prognozy/5410378,66,2024-12-01,2024-12-01,False,73,64,2024-12,False,False,regional_not_confirmed_municipal_impact
https://66.mchs.gov.ru/deyatelnost/press-centr/vse_novosti/5425898,66,2024-12-25,2024-12-25,False,73,64,2024-12,False,False,regional_not_confirmed_municipal_impact
https://31.mchs.gov.ru/deyatelnost/press-centr/operativnaya-informaciya/5426561,31,2024-12-26,2024-12-26,False,22,0,2024-12,False,False,regional_not_confirmed_municipal_impact
https://66.mchs.gov.ru/deyatelnost/press-centr/operativnaya-informaciya/prognozy/5431094,66,2025-01-01,2025-01-01,False,73,0,2025-01,False,False,regional_not_confirmed_municipal_impact
