stage,origin,target,eligible_ids,scored_pairs,selected_region_evidence_pairs,selected_local_evidence_pairs,unknown_source_coverage_pairs,missing_history_or_target
training,2023-03,2023-04,2075,2075,0,0,2075,0
training,2023-04,2023-05,2075,2075,66,1,2075,0
training,2023-05,2023-06,2075,2075,125,2,2075,0
training,2023-06,2023-07,2075,2075,125,2,2075,0
training,2023-07,2023-08,2075,2075,125,2,2075,0
training,2023-08,2023-09,2075,2075,33,3,2075,0
training,2023-09,2023-10,2075,2075,33,3,2075,0
training,2023-10,2023-11,2075,2075,33,3,2075,0
training,2023-11,2023-12,2075,2075,0,0,2075,0
evaluation,2024-01,2024-02,2075,2031,0,0,2031,44
evaluation,2024-02,2024-03,2075,2031,0,0,2031,44
evaluation,2024-03,2024-04,2075,2029,0,0,2029,46
evaluation,2024-04,2024-05,2075,2027,87,5,2027,48
evaluation,2024-05,2024-06,2075,2024,87,5,2024,51
evaluation,2024-06,2024-07,2075,2023,87,5,2023,52
evaluation,2024-07,2024-08,2075,2018,90,3,2018,57
evaluation,2024-08,2024-09,2075,2019,90,3,2019,56
evaluation,2024-09,2024-10,2075,2018,90,3,2018,57
evaluation,2024-10,2024-11,2075,2019,24,1,2019,56
evaluation,2024-11,2024-12,2075,2020,24,1,2020,55
